season;date;game;home_team;away_team;home_goals;away_goals;home_xg;away_xg
2627;2026-08-15 17:30:00;2026-08-15 Alaves-Getafe;Alaves;Getafe;3;0;2.28581;0.259705
2627;2026-08-15 19:30:00;2026-08-15 Sevilla-Rayo Vallecano;Sevilla;Rayo Vallecano;2;1;2.01841;1.91219
2627;2026-08-16 17:00:00;2026-08-16 Espanyol-Levante;Espanyol;Levante;3;0;2.0099;0.196262
2627;2026-08-16 15:00:00;2026-08-16 Racing Santander-Villarreal;Racing Santander;Villarreal;2;2;1.96477;0.768799
2627;2026-08-17 19:00:00;2026-08-17 Deportivo La Coruna-Elche;Deportivo La Coruna;Elche;1;1;0.33987;1.58691
2627;2026-08-19 19:00:00;2026-08-19 Atletico Madrid-Malaga;Atletico Madrid;Malaga;2;0;1.34391;0.229576
2627;2026-08-20 19:00:00;2026-08-20 Rayo Vallecano-Alaves;Rayo Vallecano;Alaves;1;1;0.566429;2.22075
2627;2026-08-21 19:00:00;2026-08-21 Real Betis-Real Sociedad;Real Betis;Real Sociedad;1;0;1.69571;1.14003
2627;2026-08-22 15:00:00;2026-08-22 Athletic Club-Sevilla;Athletic Club;Sevilla;1;3;1.46496;0.966795
2627;2026-08-22 19:30:00;2026-08-22 Espanyol-Real Madrid;Espanyol;Real Madrid;1;2;1.01908;2.56122
2627;2026-08-22 17:30:00;2026-08-22 Valencia-Celta Vigo;Valencia;Celta Vigo;0;0;0.420581;0.537309
2627;2026-08-23 15:00:00;2026-08-23 Atletico Madrid-Villarreal;Atletico Madrid;Villarreal;2;2;0.739413;3.54183
2627;2026-08-23 19:30:00;2026-08-23 Elche-Barcelona;Elche;Barcelona;0;5;1.17646;4.25182
2627;2026-08-23 17:30:00;2026-08-23 Getafe-Racing Santander;Getafe;Racing Santander;1;0;0.982608;1.1679
2627;2026-08-24 19:30:00;2026-08-24 Malaga-Deportivo La Coruna;Malaga;Deportivo La Coruna;1;1;1.35649;1.1297
2627;2026-08-24 17:30:00;2026-08-24 Osasuna-Levante;Osasuna;Levante;0;0;0.892536;1.27031
2627;2026-08-25 19:00:00;2026-08-25 Valencia-Real Betis;Valencia;Real Betis;0;1;1.28989;0.964495
2627;2026-08-26 19:00:00;2026-08-26 Real Madrid-Real Sociedad;Real Madrid;Real Sociedad;4;1;3.30519;0.462997
2627;2026-08-27 19:00:00;2026-08-27 Barcelona-Athletic Club;Barcelona;Athletic Club;2;0;3.9166;0.221962
2627;2026-08-27 18:30:00;2026-08-27 Celta Vigo-Osasuna;Celta Vigo;Osasuna;1;2;0.106731;1.89653
2627;2026-08-28 19:30:00;2026-08-28 Alaves-Villarreal;Alaves;Villarreal;1;0;0.915469;1.45107
2627;2026-08-28 17:00:00;2026-08-28 Racing Santander-Elche;Racing Santander;Elche;3;2;2.56226;1.07551
2627;2026-08-29 15:00:00;2026-08-29 Levante-Real Betis;Levante;Real Betis;5;2;3.0376;1.92286
2627;2026-08-29 17:00:00;2026-08-29 Real Sociedad-Espanyol;Real Sociedad;Espanyol;2;1;2.91657;0.929949
2627;2026-08-29 19:30:00;2026-08-29 Sevilla-Atletico Madrid;Sevilla;Atletico Madrid;1;3;1.08053;1.47677
2627;2026-08-30 19:30:00;2026-08-30 Celta Vigo-Athletic Club;Celta Vigo;Athletic Club;0;2;1.20059;3.13299
2627;2026-08-30 17:30:00;2026-08-30 Deportivo La Coruna-Valencia;Deportivo La Coruna;Valencia;3;1;1.40751;1.01663
2627;2026-08-30 15:00:00;2026-08-30 Real Madrid-Malaga;Real Madrid;Malaga;4;0;3.40784;0.760169
2627;2026-08-31 19:30:00;2026-08-31 Barcelona-Rayo Vallecano;Barcelona;Rayo Vallecano;5;2;2.9576;1.06614
2627;2026-08-31 17:30:00;2026-08-31 Osasuna-Getafe;Osasuna;Getafe;1;0;1.70503;1.09043
2627;2026-09-03 19:00:00;2026-09-03 Real Sociedad-Celta Vigo;Real Sociedad;Celta Vigo;0;0;1.02047;0.633241
2627;2026-09-04 19:00:00;2026-09-04 Real Betis-Real Madrid;Real Betis;Real Madrid;1;0;0.885249;3.38283
2627;2026-09-05 14:15:00;2026-09-05 Athletic Club-Atletico Madrid;Athletic Club;Atletico Madrid;3;0;1.87212;0.752183
2627;2026-09-05 16:30:00;2026-09-05 Rayo Vallecano-Racing Santander;Rayo Vallecano;Racing Santander;3;2;1.18959;0.632853
2627;2026-09-05 19:00:00;2026-09-05 Villarreal-Deportivo La Coruna;Villarreal;Deportivo La Coruna;2;3;3.64239;2.44247
2627;2026-09-06 16:30:00;2026-09-06 Alaves-Osasuna;Alaves;Osasuna;5;2;1.60188;1.64406
2627;2026-09-06 19:00:00;2026-09-06 Espanyol-Sevilla;Espanyol;Sevilla;1;1;1.81745;0.372572
2627;2026-09-06 16:30:00;2026-09-06 Malaga-Levante;Malaga;Levante;0;0;1.72661;1.19172
2627;2026-09-06 14:15:00;2026-09-06 Valencia-Barcelona;Valencia;Barcelona;0;5;0.518846;4.76916
2627;2026-09-07 19:30:00;2026-09-07 Elche-Real Sociedad;Elche;Real Sociedad;2;3;2.87045;0.876198
2627;2026-09-07 17:00:00;2026-09-07 Getafe-Celta Vigo;Getafe;Celta Vigo;1;1;1.45841;1.42122
2627;2026-09-11 19:00:00;2026-09-11 Sevilla-Valencia;Sevilla;Valencia;1;0;1.35505;0.0798948
2627;2026-09-12 16:30:00;2026-09-12 Athletic Club-Elche;Athletic Club;Elche;1;1;3.13039;0.816135
2627;2026-09-12 14:15:00;2026-09-12 Osasuna-Espanyol;Osasuna;Espanyol;0;2;1.10365;1.40951
2627;2026-09-12 12:00:00;2026-09-12 Racing Santander-Alaves;Racing Santander;Alaves;2;1;1.38389;2.27148
2627;2026-09-12 19:00:00;2026-09-12 Real Madrid-Rayo Vallecano;Real Madrid;Rayo Vallecano;4;1;3.12156;1.19257
2627;2026-09-13 12:00:00;2026-09-13 Celta Vigo-Malaga;Celta Vigo;Malaga;1;1;1.48145;0.548065
2627;2026-09-13 16:30:00;2026-09-13 Getafe-Deportivo La Coruna;Getafe;Deportivo La Coruna;1;1;0.994787;0.944884
2627;2026-09-13 14:15:00;2026-09-13 Levante-Barcelona;Levante;Barcelona;2;4;2.67442;2.46861
2627;2026-09-13 19:00:00;2026-09-13 Real Sociedad-Atletico Madrid;Real Sociedad;Atletico Madrid;0;3;0.607518;1.83411
2627;2026-09-14 19:00:00;2026-09-14 Villarreal-Real Betis;Villarreal;Real Betis;1;2;1.67293;4.07311
2627;2026-09-15 18:00:00;2026-09-15 Alaves-Valencia;Alaves;Valencia;0;1;1.30957;0.83949
2627;2026-09-15 19:30:00;2026-09-15 Elche-Real Madrid;Elche;Real Madrid;2;3;1.05222;3.46121
2627;2026-09-15 17:00:00;2026-09-15 Rayo Vallecano-Espanyol;Rayo Vallecano;Espanyol;2;1;1.8328;1.1573
2627;2026-09-16 17:00:00;2026-09-16 Atletico Madrid-Osasuna;Atletico Madrid;Osasuna;4;0;5.14269;0.717926
2627;2026-09-16 19:30:00;2026-09-16 Barcelona-Racing Santander;Barcelona;Racing Santander;7;2;7.47528;1.38402
2627;2026-09-16 17:00:00;2026-09-16 Deportivo La Coruna-Sevilla;Deportivo La Coruna;Sevilla;0;1;0.192171;0.853244
2627;2026-09-17 19:30:00;2026-09-17 Malaga-Villarreal;Malaga;Villarreal;1;3;0.361392;4.2474
2627;2026-09-17 17:00:00;2026-09-17 Real Betis-Getafe;Real Betis;Getafe;1;0;2.60912;0.327032
2627;2026-09-18 19:00:00;2026-09-18 Espanyol-Elche;Espanyol;Elche;1;3;1.07744;1.25113
2627;2026-09-19 14:15:00;2026-09-19 Athletic Club-Alaves;Athletic Club;Alaves;0;0;1.46153;0.0461634
2627;2026-09-19 16:30:00;2026-09-19 Celta Vigo-Racing Santander;Celta Vigo;Racing Santander;5;0;2.2295;0.719901
2627;2026-09-19 12:00:00;2026-09-19 Osasuna-Rayo Vallecano;Osasuna;Rayo Vallecano;1;1;0.926414;1.35649
2627;2026-09-19 19:00:00;2026-09-19 Sevilla-Barcelona;Sevilla;Barcelona;1;3;0.758355;3.56261
2627;2026-09-20 14:15:00;2026-09-20 Atletico Madrid-Real Madrid;Atletico Madrid;Real Madrid;2;1;2.40619;0.420774
2627;2026-09-20 16:30:00;2026-09-20 Deportivo La Coruna-Real Betis;Deportivo La Coruna;Real Betis;1;1;1.93872;1.00253
2627;2026-09-20 12:00:00;2026-09-20 Getafe-Malaga;Getafe;Malaga;1;0;1.18796;0.660498
2627;2026-09-20 19:00:00;2026-09-20 Valencia-Real Sociedad;Valencia;Real Sociedad;2;3;1.52762;2.33411
2627;2026-09-20 16:30:00;2026-09-20 Villarreal-Levante;Villarreal;Levante;3;1;4.28569;0.941792
2627;2026-10-11 15:00:00;2026-10-11 Alaves-Atletico Madrid;Alaves;Atletico Madrid;;;;
2627;2026-10-11 15:00:00;2026-10-11 Barcelona-Getafe;Barcelona;Getafe;;;;
2627;2026-10-11 15:00:00;2026-10-11 Elche-Celta Vigo;Elche;Celta Vigo;;;;
2627;2026-10-11 15:00:00;2026-10-11 Levante-Sevilla;Levante;Sevilla;;;;
2627;2026-10-11 15:00:00;2026-10-11 Malaga-Espanyol;Malaga;Espanyol;;;;
2627;2026-10-11 15:00:00;2026-10-11 Racing Santander-Valencia;Racing Santander;Valencia;;;;
2627;2026-10-11 15:00:00;2026-10-11 Rayo Vallecano-Athletic Club;Rayo Vallecano;Athletic Club;;;;
2627;2026-10-11 15:00:00;2026-10-11 Real Betis-Osasuna;Real Betis;Osasuna;;;;
2627;2026-10-11 15:00:00;2026-10-11 Real Madrid-Villarreal;Real Madrid;Villarreal;;;;
2627;2026-10-11 15:00:00;2026-10-11 Real Sociedad-Deportivo La Coruna;Real Sociedad;Deportivo La Coruna;;;;
2627;2026-10-18 15:00:00;2026-10-18 Celta Vigo-Alaves;Celta Vigo;Alaves;;;;
2627;2026-10-18 15:00:00;2026-10-18 Deportivo La Coruna-Levante;Deportivo La Coruna;Levante;;;;
2627;2026-10-18 15:00:00;2026-10-18 Espanyol-Atletico Madrid;Espanyol;Atletico Madrid;;;;
2627;2026-10-18 15:00:00;2026-10-18 Getafe-Rayo Vallecano;Getafe;Rayo Vallecano;;;;
2627;2026-10-18 15:00:00;2026-10-18 Malaga-Real Sociedad;Malaga;Real Sociedad;;;;
2627;2026-10-18 15:00:00;2026-10-18 Osasuna-Racing Santander;Osasuna;Racing Santander;;;;
2627;2026-10-18 15:00:00;2026-10-18 Real Betis-Barcelona;Real Betis;Barcelona;;;;
2627;2026-10-18 15:00:00;2026-10-18 Real Madrid-Sevilla;Real Madrid;Sevilla;;;;
2627;2026-10-18 15:00:00;2026-10-18 Valencia-Athletic Club;Valencia;Athletic Club;;;;
2627;2026-10-18 15:00:00;2026-10-18 Villarreal-Elche;Villarreal;Elche;;;;
2627;2026-10-21 19:30:00;2026-10-21 Levante-Athletic Club;Levante;Athletic Club;;;;
2627;2026-10-25 16:00:00;2026-10-25 Alaves-Malaga;Alaves;Malaga;;;;
2627;2026-10-25 16:00:00;2026-10-25 Athletic Club-Getafe;Athletic Club;Getafe;;;;
2627;2026-10-25 16:00:00;2026-10-25 Atletico Madrid-Deportivo La Coruna;Atletico Madrid;Deportivo La Coruna;;;;
2627;2026-10-25 16:00:00;2026-10-25 Barcelona-Real Madrid;Barcelona;Real Madrid;;;;
2627;2026-10-25 16:00:00;2026-10-25 Celta Vigo-Real Betis;Celta Vigo;Real Betis;;;;
2627;2026-10-25 16:00:00;2026-10-25 Racing Santander-Espanyol;Racing Santander;Espanyol;;;;
2627;2026-10-25 16:00:00;2026-10-25 Rayo Vallecano-Elche;Rayo Vallecano;Elche;;;;
2627;2026-10-25 16:00:00;2026-10-25 Real Sociedad-Levante;Real Sociedad;Levante;;;;
2627;2026-10-25 16:00:00;2026-10-25 Sevilla-Osasuna;Sevilla;Osasuna;;;;
2627;2026-10-25 16:00:00;2026-10-25 Valencia-Villarreal;Valencia;Villarreal;;;;
2627;2026-11-01 16:00:00;2026-11-01 Athletic Club-Real Sociedad;Athletic Club;Real Sociedad;;;;
2627;2026-11-01 16:00:00;2026-11-01 Barcelona-Alaves;Barcelona;Alaves;;;;
2627;2026-11-01 16:00:00;2026-11-01 Deportivo La Coruna-Osasuna;Deportivo La Coruna;Osasuna;;;;
2627;2026-11-01 16:00:00;2026-11-01 Elche-Valencia;Elche;Valencia;;;;
2627;2026-11-01 16:00:00;2026-11-01 Getafe-Sevilla;Getafe;Sevilla;;;;
2627;2026-11-01 16:00:00;2026-11-01 Levante-Atletico Madrid;Levante;Atletico Madrid;;;;
2627;2026-11-01 16:00:00;2026-11-01 Racing Santander-Real Madrid;Racing Santander;Real Madrid;;;;
2627;2026-11-01 16:00:00;2026-11-01 Rayo Vallecano-Celta Vigo;Rayo Vallecano;Celta Vigo;;;;
2627;2026-11-01 16:00:00;2026-11-01 Real Betis-Malaga;Real Betis;Malaga;;;;
2627;2026-11-01 16:00:00;2026-11-01 Villarreal-Espanyol;Villarreal;Espanyol;;;;
2627;2026-11-08 16:00:00;2026-11-08 Atletico Madrid-Barcelona;Atletico Madrid;Barcelona;;;;
2627;2026-11-08 16:00:00;2026-11-08 Celta Vigo-Levante;Celta Vigo;Levante;;;;
2627;2026-11-08 16:00:00;2026-11-08 Elche-Real Betis;Elche;Real Betis;;;;
2627;2026-11-08 16:00:00;2026-11-08 Espanyol-Deportivo La Coruna;Espanyol;Deportivo La Coruna;;;;
2627;2026-11-08 16:00:00;2026-11-08 Malaga-Racing Santander;Malaga;Racing Santander;;;;
2627;2026-11-08 16:00:00;2026-11-08 Osasuna-Athletic Club;Osasuna;Athletic Club;;;;
2627;2026-11-08 16:00:00;2026-11-08 Real Sociedad-Rayo Vallecano;Real Sociedad;Rayo Vallecano;;;;
2627;2026-11-08 16:00:00;2026-11-08 Sevilla-Alaves;Sevilla;Alaves;;;;
2627;2026-11-08 16:00:00;2026-11-08 Valencia-Real Madrid;Valencia;Real Madrid;;;;
2627;2026-11-08 16:00:00;2026-11-08 Villarreal-Getafe;Villarreal;Getafe;;;;
2627;2026-11-22 16:00:00;2026-11-22 Alaves-Deportivo La Coruna;Alaves;Deportivo La Coruna;;;;
2627;2026-11-22 16:00:00;2026-11-22 Athletic Club-Espanyol;Athletic Club;Espanyol;;;;
2627;2026-11-22 16:00:00;2026-11-22 Barcelona-Villarreal;Barcelona;Villarreal;;;;
2627;2026-11-22 16:00:00;2026-11-22 Getafe-Atletico Madrid;Getafe;Atletico Madrid;;;;
2627;2026-11-22 16:00:00;2026-11-22 Levante-Elche;Levante;Elche;;;;
2627;2026-11-22 16:00:00;2026-11-22 Osasuna-Malaga;Osasuna;Malaga;;;;
2627;2026-11-22 16:00:00;2026-11-22 Racing Santander-Real Sociedad;Racing Santander;Real Sociedad;;;;
2627;2026-11-22 16:00:00;2026-11-22 Rayo Vallecano-Valencia;Rayo Vallecano;Valencia;;;;
2627;2026-11-22 16:00:00;2026-11-22 Real Madrid-Celta Vigo;Real Madrid;Celta Vigo;;;;
2627;2026-11-22 16:00:00;2026-11-22 Sevilla-Real Betis;Sevilla;Real Betis;;;;
2627;2026-11-29 16:00:00;2026-11-29 Celta Vigo-Villarreal;Celta Vigo;Villarreal;;;;
2627;2026-11-29 16:00:00;2026-11-29 Deportivo La Coruna-Barcelona;Deportivo La Coruna;Barcelona;;;;
2627;2026-11-29 16:00:00;2026-11-29 Elche-Atletico Madrid;Elche;Atletico Madrid;;;;
2627;2026-11-29 16:00:00;2026-11-29 Espanyol-Getafe;Espanyol;Getafe;;;;
2627;2026-11-29 16:00:00;2026-11-29 Levante-Racing Santander;Levante;Racing Santander;;;;
2627;2026-11-29 16:00:00;2026-11-29 Malaga-Athletic Club;Malaga;Athletic Club;;;;
2627;2026-11-29 16:00:00;2026-11-29 Real Betis-Rayo Vallecano;Real Betis;Rayo Vallecano;;;;
2627;2026-11-29 16:00:00;2026-11-29 Real Madrid-Alaves;Real Madrid;Alaves;;;;
2627;2026-11-29 16:00:00;2026-11-29 Real Sociedad-Sevilla;Real Sociedad;Sevilla;;;;
2627;2026-11-29 16:00:00;2026-11-29 Valencia-Osasuna;Valencia;Osasuna;;;;
2627;2026-12-06 16:00:00;2026-12-06 Alaves-Espanyol;Alaves;Espanyol;;;;
2627;2026-12-06 16:00:00;2026-12-06 Athletic Club-Real Madrid;Athletic Club;Real Madrid;;;;
2627;2026-12-06 16:00:00;2026-12-06 Atletico Madrid-Real Betis;Atletico Madrid;Real Betis;;;;
2627;2026-12-06 16:00:00;2026-12-06 Barcelona-Celta Vigo;Barcelona;Celta Vigo;;;;
2627;2026-12-06 16:00:00;2026-12-06 Getafe-Valencia;Getafe;Valencia;;;;
2627;2026-12-06 16:00:00;2026-12-06 Osasuna-Elche;Osasuna;Elche;;;;
2627;2026-12-06 16:00:00;2026-12-06 Racing Santander-Deportivo La Coruna;Racing Santander;Deportivo La Coruna;;;;
2627;2026-12-06 16:00:00;2026-12-06 Rayo Vallecano-Levante;Rayo Vallecano;Levante;;;;
2627;2026-12-06 16:00:00;2026-12-06 Sevilla-Malaga;Sevilla;Malaga;;;;
2627;2026-12-06 16:00:00;2026-12-06 Villarreal-Real Sociedad;Villarreal;Real Sociedad;;;;
2627;2026-12-13 16:00:00;2026-12-13 Atletico Madrid-Valencia;Atletico Madrid;Valencia;;;;
2627;2026-12-13 16:00:00;2026-12-13 Deportivo La Coruna-Athletic Club;Deportivo La Coruna;Athletic Club;;;;
2627;2026-12-13 16:00:00;2026-12-13 Elche-Sevilla;Elche;Sevilla;;;;
2627;2026-12-13 16:00:00;2026-12-13 Espanyol-Celta Vigo;Espanyol;Celta Vigo;;;;
2627;2026-12-13 16:00:00;2026-12-13 Levante-Alaves;Levante;Alaves;;;;
2627;2026-12-13 16:00:00;2026-12-13 Malaga-Barcelona;Malaga;Barcelona;;;;
2627;2026-12-13 16:00:00;2026-12-13 Real Betis-Racing Santander;Real Betis;Racing Santander;;;;
2627;2026-12-13 16:00:00;2026-12-13 Real Madrid-Osasuna;Real Madrid;Osasuna;;;;
2627;2026-12-13 16:00:00;2026-12-13 Real Sociedad-Getafe;Real Sociedad;Getafe;;;;
2627;2026-12-13 16:00:00;2026-12-13 Villarreal-Rayo Vallecano;Villarreal;Rayo Vallecano;;;;
2627;2026-12-20 16:00:00;2026-12-20 Alaves-Elche;Alaves;Elche;;;;
2627;2026-12-20 16:00:00;2026-12-20 Athletic Club-Real Betis;Athletic Club;Real Betis;;;;
2627;2026-12-20 16:00:00;2026-12-20 Barcelona-Real Sociedad;Barcelona;Real Sociedad;;;;
2627;2026-12-20 16:00:00;2026-12-20 Celta Vigo-Atletico Madrid;Celta Vigo;Atletico Madrid;;;;
2627;2026-12-20 16:00:00;2026-12-20 Deportivo La Coruna-Real Madrid;Deportivo La Coruna;Real Madrid;;;;
2627;2026-12-20 16:00:00;2026-12-20 Getafe-Levante;Getafe;Levante;;;;
2627;2026-12-20 16:00:00;2026-12-20 Osasuna-Villarreal;Osasuna;Villarreal;;;;
2627;2026-12-20 16:00:00;2026-12-20 Rayo Vallecano-Malaga;Rayo Vallecano;Malaga;;;;
2627;2026-12-20 16:00:00;2026-12-20 Sevilla-Racing Santander;Sevilla;Racing Santander;;;;
2627;2026-12-20 16:00:00;2026-12-20 Valencia-Espanyol;Valencia;Espanyol;;;;
2627;2027-01-03 16:00:00;2027-01-03 Celta Vigo-Deportivo La Coruna;Celta Vigo;Deportivo La Coruna;;;;
2627;2027-01-03 16:00:00;2027-01-03 Espanyol-Barcelona;Espanyol;Barcelona;;;;
2627;2027-01-03 16:00:00;2027-01-03 Levante-Valencia;Levante;Valencia;;;;
2627;2027-01-03 16:00:00;2027-01-03 Malaga-Elche;Malaga;Elche;;;;
2627;2027-01-03 16:00:00;2027-01-03 Racing Santander-Athletic Club;Racing Santander;Athletic Club;;;;
2627;2027-01-03 16:00:00;2027-01-03 Rayo Vallecano-Atletico Madrid;Rayo Vallecano;Atletico Madrid;;;;
2627;2027-01-03 16:00:00;2027-01-03 Real Betis-Alaves;Real Betis;Alaves;;;;
2627;2027-01-03 16:00:00;2027-01-03 Real Madrid-Getafe;Real Madrid;Getafe;;;;
2627;2027-01-03 16:00:00;2027-01-03 Real Sociedad-Osasuna;Real Sociedad;Osasuna;;;;
2627;2027-01-03 16:00:00;2027-01-03 Villarreal-Sevilla;Villarreal;Sevilla;;;;
2627;2027-01-10 16:00:00;2027-01-10 Alaves-Real Sociedad;Alaves;Real Sociedad;;;;
2627;2027-01-10 16:00:00;2027-01-10 Athletic Club-Villarreal;Athletic Club;Villarreal;;;;
2627;2027-01-10 16:00:00;2027-01-10 Atletico Madrid-Racing Santander;Atletico Madrid;Racing Santander;;;;
2627;2027-01-10 16:00:00;2027-01-10 Deportivo La Coruna-Rayo Vallecano;Deportivo La Coruna;Rayo Vallecano;;;;
2627;2027-01-10 16:00:00;2027-01-10 Elche-Getafe;Elche;Getafe;;;;
2627;2027-01-10 16:00:00;2027-01-10 Espanyol-Real Betis;Espanyol;Real Betis;;;;
2627;2027-01-10 16:00:00;2027-01-10 Osasuna-Barcelona;Osasuna;Barcelona;;;;
2627;2027-01-10 16:00:00;2027-01-10 Real Madrid-Levante;Real Madrid;Levante;;;;
2627;2027-01-10 16:00:00;2027-01-10 Sevilla-Celta Vigo;Sevilla;Celta Vigo;;;;
2627;2027-01-10 16:00:00;2027-01-10 Valencia-Malaga;Valencia;Malaga;;;;
2627;2027-01-17 16:00:00;2027-01-17 Atletico Madrid-Real Sociedad;Atletico Madrid;Real Sociedad;;;;
2627;2027-01-17 16:00:00;2027-01-17 Barcelona-Elche;Barcelona;Elche;;;;
2627;2027-01-17 16:00:00;2027-01-17 Celta Vigo-Valencia;Celta Vigo;Valencia;;;;
2627;2027-01-17 16:00:00;2027-01-17 Getafe-Athletic Club;Getafe;Athletic Club;;;;
2627;2027-01-17 16:00:00;2027-01-17 Levante-Espanyol;Levante;Espanyol;;;;
2627;2027-01-17 16:00:00;2027-01-17 Malaga-Real Madrid;Malaga;Real Madrid;;;;
2627;2027-01-17 16:00:00;2027-01-17 Racing Santander-Osasuna;Racing Santander;Osasuna;;;;
2627;2027-01-17 16:00:00;2027-01-17 Rayo Vallecano-Sevilla;Rayo Vallecano;Sevilla;;;;
2627;2027-01-17 16:00:00;2027-01-17 Real Betis-Deportivo La Coruna;Real Betis;Deportivo La Coruna;;;;
2627;2027-01-17 16:00:00;2027-01-17 Villarreal-Alaves;Villarreal;Alaves;;;;
2627;2027-01-24 16:00:00;2027-01-24 Alaves-Barcelona;Alaves;Barcelona;;;;
2627;2027-01-24 16:00:00;2027-01-24 Athletic Club-Levante;Athletic Club;Levante;;;;
2627;2027-01-24 16:00:00;2027-01-24 Deportivo La Coruna-Atletico Madrid;Deportivo La Coruna;Atletico Madrid;;;;
2627;2027-01-24 16:00:00;2027-01-24 Elche-Rayo Vallecano;Elche;Rayo Vallecano;;;;
2627;2027-01-24 16:00:00;2027-01-24 Espanyol-Villarreal;Espanyol;Villarreal;;;;
2627;2027-01-24 16:00:00;2027-01-24 Getafe-Osasuna;Getafe;Osasuna;;;;
2627;2027-01-24 16:00:00;2027-01-24 Racing Santander-Celta Vigo;Racing Santander;Celta Vigo;;;;
2627;2027-01-24 16:00:00;2027-01-24 Real Madrid-Real Betis;Real Madrid;Real Betis;;;;
2627;2027-01-24 16:00:00;2027-01-24 Real Sociedad-Malaga;Real Sociedad;Malaga;;;;
2627;2027-01-24 16:00:00;2027-01-24 Valencia-Sevilla;Valencia;Sevilla;;;;
2627;2027-01-31 16:00:00;2027-01-31 Atletico Madrid-Espanyol;Atletico Madrid;Espanyol;;;;
2627;2027-01-31 16:00:00;2027-01-31 Barcelona-Valencia;Barcelona;Valencia;;;;
2627;2027-01-31 16:00:00;2027-01-31 Celta Vigo-Getafe;Celta Vigo;Getafe;;;;
2627;2027-01-31 16:00:00;2027-01-31 Levante-Real Sociedad;Levante;Real Sociedad;;;;
2627;2027-01-31 16:00:00;2027-01-31 Malaga-Alaves;Malaga;Alaves;;;;
2627;2027-01-31 16:00:00;2027-01-31 Osasuna-Deportivo La Coruna;Osasuna;Deportivo La Coruna;;;;
2627;2027-01-31 16:00:00;2027-01-31 Rayo Vallecano-Real Madrid;Rayo Vallecano;Real Madrid;;;;
2627;2027-01-31 16:00:00;2027-01-31 Real Betis-Elche;Real Betis;Elche;;;;
2627;2027-01-31 16:00:00;2027-01-31 Sevilla-Athletic Club;Sevilla;Athletic Club;;;;
2627;2027-01-31 16:00:00;2027-01-31 Villarreal-Racing Santander;Villarreal;Racing Santander;;;;
2627;2027-02-07 16:00:00;2027-02-07 Alaves-Celta Vigo;Alaves;Celta Vigo;;;;
2627;2027-02-07 16:00:00;2027-02-07 Athletic Club-Osasuna;Athletic Club;Osasuna;;;;
2627;2027-02-07 16:00:00;2027-02-07 Barcelona-Atletico Madrid;Barcelona;Atletico Madrid;;;;
2627;2027-02-07 16:00:00;2027-02-07 Deportivo La Coruna-Malaga;Deportivo La Coruna;Malaga;;;;
2627;2027-02-07 16:00:00;2027-02-07 Elche-Levante;Elche;Levante;;;;
2627;2027-02-07 16:00:00;2027-02-07 Espanyol-Rayo Vallecano;Espanyol;Rayo Vallecano;;;;
2627;2027-02-07 16:00:00;2027-02-07 Getafe-Villarreal;Getafe;Villarreal;;;;
2627;2027-02-07 16:00:00;2027-02-07 Real Betis-Sevilla;Real Betis;Sevilla;;;;
2627;2027-02-07 16:00:00;2027-02-07 Real Sociedad-Real Madrid;Real Sociedad;Real Madrid;;;;
2627;2027-02-07 16:00:00;2027-02-07 Valencia-Racing Santander;Valencia;Racing Santander;;;;
2627;2027-02-14 16:00:00;2027-02-14 Celta Vigo-Rayo Vallecano;Celta Vigo;Rayo Vallecano;;;;
2627;2027-02-14 16:00:00;2027-02-14 Elche-Deportivo La Coruna;Elche;Deportivo La Coruna;;;;
2627;2027-02-14 16:00:00;2027-02-14 Levante-Malaga;Levante;Malaga;;;;
2627;2027-02-14 16:00:00;2027-02-14 Osasuna-Atletico Madrid;Osasuna;Atletico Madrid;;;;
2627;2027-02-14 16:00:00;2027-02-14 Racing Santander-Getafe;Racing Santander;Getafe;;;;
2627;2027-02-14 16:00:00;2027-02-14 Real Madrid-Athletic Club;Real Madrid;Athletic Club;;;;
2627;2027-02-14 16:00:00;2027-02-14 Real Sociedad-Real Betis;Real Sociedad;Real Betis;;;;
2627;2027-02-14 16:00:00;2027-02-14 Sevilla-Espanyol;Sevilla;Espanyol;;;;
2627;2027-02-14 16:00:00;2027-02-14 Valencia-Alaves;Valencia;Alaves;;;;
2627;2027-02-14 16:00:00;2027-02-14 Villarreal-Barcelona;Villarreal;Barcelona;;;;
2627;2027-02-21 16:00:00;2027-02-21 Alaves-Racing Santander;Alaves;Racing Santander;;;;
2627;2027-02-21 16:00:00;2027-02-21 Athletic Club-Celta Vigo;Athletic Club;Celta Vigo;;;;
2627;2027-02-21 16:00:00;2027-02-21 Atletico Madrid-Elche;Atletico Madrid;Elche;;;;
2627;2027-02-21 16:00:00;2027-02-21 Barcelona-Levante;Barcelona;Levante;;;;
2627;2027-02-21 16:00:00;2027-02-21 Deportivo La Coruna-Real Sociedad;Deportivo La Coruna;Real Sociedad;;;;
2627;2027-02-21 16:00:00;2027-02-21 Espanyol-Osasuna;Espanyol;Osasuna;;;;
2627;2027-02-21 16:00:00;2027-02-21 Malaga-Real Betis;Malaga;Real Betis;;;;
2627;2027-02-21 16:00:00;2027-02-21 Rayo Vallecano-Getafe;Rayo Vallecano;Getafe;;;;
2627;2027-02-21 16:00:00;2027-02-21 Sevilla-Real Madrid;Sevilla;Real Madrid;;;;
2627;2027-02-21 16:00:00;2027-02-21 Villarreal-Valencia;Villarreal;Valencia;;;;
2627;2027-02-28 16:00:00;2027-02-28 Athletic Club-Barcelona;Athletic Club;Barcelona;;;;
2627;2027-02-28 16:00:00;2027-02-28 Celta Vigo-Espanyol;Celta Vigo;Espanyol;;;;
2627;2027-02-28 16:00:00;2027-02-28 Getafe-Alaves;Getafe;Alaves;;;;
2627;2027-02-28 16:00:00;2027-02-28 Levante-Deportivo La Coruna;Levante;Deportivo La Coruna;;;;
2627;2027-02-28 16:00:00;2027-02-28 Malaga-Atletico Madrid;Malaga;Atletico Madrid;;;;
2627;2027-02-28 16:00:00;2027-02-28 Osasuna-Sevilla;Osasuna;Sevilla;;;;
2627;2027-02-28 16:00:00;2027-02-28 Racing Santander-Rayo Vallecano;Racing Santander;Rayo Vallecano;;;;
2627;2027-02-28 16:00:00;2027-02-28 Real Betis-Villarreal;Real Betis;Villarreal;;;;
2627;2027-02-28 16:00:00;2027-02-28 Real Madrid-Valencia;Real Madrid;Valencia;;;;
2627;2027-02-28 16:00:00;2027-02-28 Real Sociedad-Elche;Real Sociedad;Elche;;;;
2627;2027-03-07 16:00:00;2027-03-07 Alaves-Athletic Club;Alaves;Athletic Club;;;;
2627;2027-03-07 16:00:00;2027-03-07 Atletico Madrid-Celta Vigo;Atletico Madrid;Celta Vigo;;;;
2627;2027-03-07 16:00:00;2027-03-07 Barcelona-Real Betis;Barcelona;Real Betis;;;;
2627;2027-03-07 16:00:00;2027-03-07 Deportivo La Coruna-Getafe;Deportivo La Coruna;Getafe;;;;
2627;2027-03-07 16:00:00;2027-03-07 Elche-Malaga;Elche;Malaga;;;;
2627;2027-03-07 16:00:00;2027-03-07 Espanyol-Racing Santander;Espanyol;Racing Santander;;;;
2627;2027-03-07 16:00:00;2027-03-07 Rayo Vallecano-Osasuna;Rayo Vallecano;Osasuna;;;;
2627;2027-03-07 16:00:00;2027-03-07 Sevilla-Real Sociedad;Sevilla;Real Sociedad;;;;
2627;2027-03-07 16:00:00;2027-03-07 Valencia-Levante;Valencia;Levante;;;;
2627;2027-03-07 16:00:00;2027-03-07 Villarreal-Real Madrid;Villarreal;Real Madrid;;;;
2627;2027-03-14 16:00:00;2027-03-14 Alaves-Sevilla;Alaves;Sevilla;;;;
2627;2027-03-14 16:00:00;2027-03-14 Athletic Club-Valencia;Athletic Club;Valencia;;;;
2627;2027-03-14 16:00:00;2027-03-14 Barcelona-Deportivo La Coruna;Barcelona;Deportivo La Coruna;;;;
2627;2027-03-14 16:00:00;2027-03-14 Elche-Villarreal;Elche;Villarreal;;;;
2627;2027-03-14 16:00:00;2027-03-14 Getafe-Real Sociedad;Getafe;Real Sociedad;;;;
2627;2027-03-14 16:00:00;2027-03-14 Malaga-Rayo Vallecano;Malaga;Rayo Vallecano;;;;
2627;2027-03-14 16:00:00;2027-03-14 Osasuna-Celta Vigo;Osasuna;Celta Vigo;;;;
2627;2027-03-14 16:00:00;2027-03-14 Racing Santander-Atletico Madrid;Racing Santander;Atletico Madrid;;;;
2627;2027-03-14 16:00:00;2027-03-14 Real Betis-Levante;Real Betis;Levante;;;;
2627;2027-03-14 16:00:00;2027-03-14 Real Madrid-Espanyol;Real Madrid;Espanyol;;;;
2627;2027-03-21 16:00:00;2027-03-21 Atletico Madrid-Getafe;Atletico Madrid;Getafe;;;;
2627;2027-03-21 16:00:00;2027-03-21 Celta Vigo-Real Madrid;Celta Vigo;Real Madrid;;;;
2627;2027-03-21 16:00:00;2027-03-21 Espanyol-Athletic Club;Espanyol;Athletic Club;;;;
2627;2027-03-21 16:00:00;2027-03-21 Levante-Osasuna;Levante;Osasuna;;;;
2627;2027-03-21 16:00:00;2027-03-21 Racing Santander-Real Betis;Racing Santander;Real Betis;;;;
2627;2027-03-21 16:00:00;2027-03-21 Rayo Vallecano-Barcelona;Rayo Vallecano;Barcelona;;;;
2627;2027-03-21 16:00:00;2027-03-21 Real Sociedad-Alaves;Real Sociedad;Alaves;;;;
2627;2027-03-21 16:00:00;2027-03-21 Sevilla-Elche;Sevilla;Elche;;;;
2627;2027-03-21 16:00:00;2027-03-21 Valencia-Deportivo La Coruna;Valencia;Deportivo La Coruna;;;;
2627;2027-03-21 16:00:00;2027-03-21 Villarreal-Malaga;Villarreal;Malaga;;;;
2627;2027-04-04 15:00:00;2027-04-04 Athletic Club-Racing Santander;Athletic Club;Racing Santander;;;;
2627;2027-04-04 15:00:00;2027-04-04 Barcelona-Sevilla;Barcelona;Sevilla;;;;
2627;2027-04-04 15:00:00;2027-04-04 Deportivo La Coruna-Villarreal;Deportivo La Coruna;Villarreal;;;;
2627;2027-04-04 15:00:00;2027-04-04 Elche-Alaves;Elche;Alaves;;;;
2627;2027-04-04 15:00:00;2027-04-04 Getafe-Espanyol;Getafe;Espanyol;;;;
2627;2027-04-04 15:00:00;2027-04-04 Levante-Rayo Vallecano;Levante;Rayo Vallecano;;;;
2627;2027-04-04 15:00:00;2027-04-04 Malaga-Osasuna;Malaga;Osasuna;;;;
2627;2027-04-04 15:00:00;2027-04-04 Real Betis-Celta Vigo;Real Betis;Celta Vigo;;;;
2627;2027-04-04 15:00:00;2027-04-04 Real Madrid-Atletico Madrid;Real Madrid;Atletico Madrid;;;;
2627;2027-04-04 15:00:00;2027-04-04 Real Sociedad-Valencia;Real Sociedad;Valencia;;;;
2627;2027-04-11 15:00:00;2027-04-11 Alaves-Real Betis;Alaves;Real Betis;;;;
2627;2027-04-11 15:00:00;2027-04-11 Atletico Madrid-Levante;Atletico Madrid;Levante;;;;
2627;2027-04-11 15:00:00;2027-04-11 Celta Vigo-Elche;Celta Vigo;Elche;;;;
2627;2027-04-11 15:00:00;2027-04-11 Espanyol-Malaga;Espanyol;Malaga;;;;
2627;2027-04-11 15:00:00;2027-04-11 Osasuna-Real Madrid;Osasuna;Real Madrid;;;;
2627;2027-04-11 15:00:00;2027-04-11 Racing Santander-Barcelona;Racing Santander;Barcelona;;;;
2627;2027-04-11 15:00:00;2027-04-11 Rayo Vallecano-Real Sociedad;Rayo Vallecano;Real Sociedad;;;;
2627;2027-04-11 15:00:00;2027-04-11 Sevilla-Deportivo La Coruna;Sevilla;Deportivo La Coruna;;;;
2627;2027-04-11 15:00:00;2027-04-11 Valencia-Getafe;Valencia;Getafe;;;;
2627;2027-04-11 15:00:00;2027-04-11 Villarreal-Athletic Club;Villarreal;Athletic Club;;;;
2627;2027-04-18 15:00:00;2027-04-18 Alaves-Rayo Vallecano;Alaves;Rayo Vallecano;;;;
2627;2027-04-18 15:00:00;2027-04-18 Atletico Madrid-Sevilla;Atletico Madrid;Sevilla;;;;
2627;2027-04-18 15:00:00;2027-04-18 Barcelona-Espanyol;Barcelona;Espanyol;;;;
2627;2027-04-18 15:00:00;2027-04-18 Deportivo La Coruna-Celta Vigo;Deportivo La Coruna;Celta Vigo;;;;
2627;2027-04-18 15:00:00;2027-04-18 Elche-Osasuna;Elche;Osasuna;;;;
2627;2027-04-18 15:00:00;2027-04-18 Getafe-Real Madrid;Getafe;Real Madrid;;;;
2627;2027-04-18 15:00:00;2027-04-18 Levante-Villarreal;Levante;Villarreal;;;;
2627;2027-04-18 15:00:00;2027-04-18 Malaga-Valencia;Malaga;Valencia;;;;
2627;2027-04-18 15:00:00;2027-04-18 Real Betis-Athletic Club;Real Betis;Athletic Club;;;;
2627;2027-04-18 15:00:00;2027-04-18 Real Sociedad-Racing Santander;Real Sociedad;Racing Santander;;;;
2627;2027-04-21 15:00:00;2027-04-21 Athletic Club-Deportivo La Coruna;Athletic Club;Deportivo La Coruna;;;;
2627;2027-04-21 15:00:00;2027-04-21 Celta Vigo-Barcelona;Celta Vigo;Barcelona;;;;
2627;2027-04-21 15:00:00;2027-04-21 Espanyol-Real Sociedad;Espanyol;Real Sociedad;;;;
2627;2027-04-21 15:00:00;2027-04-21 Getafe-Real Betis;Getafe;Real Betis;;;;
2627;2027-04-21 15:00:00;2027-04-21 Osasuna-Alaves;Osasuna;Alaves;;;;
2627;2027-04-21 15:00:00;2027-04-21 Racing Santander-Malaga;Racing Santander;Malaga;;;;
2627;2027-04-21 15:00:00;2027-04-21 Real Madrid-Elche;Real Madrid;Elche;;;;
2627;2027-04-21 15:00:00;2027-04-21 Sevilla-Levante;Sevilla;Levante;;;;
2627;2027-04-21 15:00:00;2027-04-21 Valencia-Rayo Vallecano;Valencia;Rayo Vallecano;;;;
2627;2027-04-21 15:00:00;2027-04-21 Villarreal-Atletico Madrid;Villarreal;Atletico Madrid;;;;
2627;2027-05-02 15:00:00;2027-05-02 Atletico Madrid-Alaves;Atletico Madrid;Alaves;;;;
2627;2027-05-02 15:00:00;2027-05-02 Barcelona-Osasuna;Barcelona;Osasuna;;;;
2627;2027-05-02 15:00:00;2027-05-02 Celta Vigo-Sevilla;Celta Vigo;Sevilla;;;;
2627;2027-05-02 15:00:00;2027-05-02 Deportivo La Coruna-Racing Santander;Deportivo La Coruna;Racing Santander;;;;
2627;2027-05-02 15:00:00;2027-05-02 Elche-Espanyol;Elche;Espanyol;;;;
2627;2027-05-02 15:00:00;2027-05-02 Levante-Real Madrid;Levante;Real Madrid;;;;
2627;2027-05-02 15:00:00;2027-05-02 Malaga-Getafe;Malaga;Getafe;;;;
2627;2027-05-02 15:00:00;2027-05-02 Rayo Vallecano-Villarreal;Rayo Vallecano;Villarreal;;;;
2627;2027-05-02 15:00:00;2027-05-02 Real Betis-Valencia;Real Betis;Valencia;;;;
2627;2027-05-02 15:00:00;2027-05-02 Real Sociedad-Athletic Club;Real Sociedad;Athletic Club;;;;
2627;2027-05-09 15:00:00;2027-05-09 Alaves-Levante;Alaves;Levante;;;;
2627;2027-05-09 15:00:00;2027-05-09 Athletic Club-Malaga;Athletic Club;Malaga;;;;
2627;2027-05-09 15:00:00;2027-05-09 Getafe-Elche;Getafe;Elche;;;;
2627;2027-05-09 15:00:00;2027-05-09 Osasuna-Real Sociedad;Osasuna;Real Sociedad;;;;
2627;2027-05-09 15:00:00;2027-05-09 Racing Santander-Sevilla;Racing Santander;Sevilla;;;;
2627;2027-05-09 15:00:00;2027-05-09 Rayo Vallecano-Deportivo La Coruna;Rayo Vallecano;Deportivo La Coruna;;;;
2627;2027-05-09 15:00:00;2027-05-09 Real Betis-Espanyol;Real Betis;Espanyol;;;;
2627;2027-05-09 15:00:00;2027-05-09 Real Madrid-Barcelona;Real Madrid;Barcelona;;;;
2627;2027-05-09 15:00:00;2027-05-09 Valencia-Atletico Madrid;Valencia;Atletico Madrid;;;;
2627;2027-05-09 15:00:00;2027-05-09 Villarreal-Celta Vigo;Villarreal;Celta Vigo;;;;
2627;2027-05-16 15:00:00;2027-05-16 Atletico Madrid-Rayo Vallecano;Atletico Madrid;Rayo Vallecano;;;;
2627;2027-05-16 15:00:00;2027-05-16 Deportivo La Coruna-Alaves;Deportivo La Coruna;Alaves;;;;
2627;2027-05-16 15:00:00;2027-05-16 Elche-Athletic Club;Elche;Athletic Club;;;;
2627;2027-05-16 15:00:00;2027-05-16 Espanyol-Valencia;Espanyol;Valencia;;;;
2627;2027-05-16 15:00:00;2027-05-16 Levante-Getafe;Levante;Getafe;;;;
2627;2027-05-16 15:00:00;2027-05-16 Malaga-Celta Vigo;Malaga;Celta Vigo;;;;
2627;2027-05-16 15:00:00;2027-05-16 Osasuna-Real Betis;Osasuna;Real Betis;;;;
2627;2027-05-16 15:00:00;2027-05-16 Real Madrid-Racing Santander;Real Madrid;Racing Santander;;;;
2627;2027-05-16 15:00:00;2027-05-16 Real Sociedad-Barcelona;Real Sociedad;Barcelona;;;;
2627;2027-05-16 15:00:00;2027-05-16 Sevilla-Villarreal;Sevilla;Villarreal;;;;
2627;2027-05-23 15:00:00;2027-05-23 Alaves-Real Madrid;Alaves;Real Madrid;;;;
2627;2027-05-23 15:00:00;2027-05-23 Atletico Madrid-Athletic Club;Atletico Madrid;Athletic Club;;;;
2627;2027-05-23 15:00:00;2027-05-23 Barcelona-Malaga;Barcelona;Malaga;;;;
2627;2027-05-23 15:00:00;2027-05-23 Celta Vigo-Real Sociedad;Celta Vigo;Real Sociedad;;;;
2627;2027-05-23 15:00:00;2027-05-23 Deportivo La Coruna-Espanyol;Deportivo La Coruna;Espanyol;;;;
2627;2027-05-23 15:00:00;2027-05-23 Racing Santander-Levante;Racing Santander;Levante;;;;
2627;2027-05-23 15:00:00;2027-05-23 Rayo Vallecano-Real Betis;Rayo Vallecano;Real Betis;;;;
2627;2027-05-23 15:00:00;2027-05-23 Sevilla-Getafe;Sevilla;Getafe;;;;
2627;2027-05-23 15:00:00;2027-05-23 Valencia-Elche;Valencia;Elche;;;;
2627;2027-05-23 15:00:00;2027-05-23 Villarreal-Osasuna;Villarreal;Osasuna;;;;
2627;2027-05-30 15:00:00;2027-05-30 Athletic Club-Rayo Vallecano;Athletic Club;Rayo Vallecano;;;;
2627;2027-05-30 15:00:00;2027-05-30 Elche-Racing Santander;Elche;Racing Santander;;;;
2627;2027-05-30 15:00:00;2027-05-30 Espanyol-Alaves;Espanyol;Alaves;;;;
2627;2027-05-30 15:00:00;2027-05-30 Getafe-Barcelona;Getafe;Barcelona;;;;
2627;2027-05-30 15:00:00;2027-05-30 Levante-Celta Vigo;Levante;Celta Vigo;;;;
2627;2027-05-30 15:00:00;2027-05-30 Malaga-Sevilla;Malaga;Sevilla;;;;
2627;2027-05-30 15:00:00;2027-05-30 Osasuna-Valencia;Osasuna;Valencia;;;;
2627;2027-05-30 15:00:00;2027-05-30 Real Betis-Atletico Madrid;Real Betis;Atletico Madrid;;;;
2627;2027-05-30 15:00:00;2027-05-30 Real Madrid-Deportivo La Coruna;Real Madrid;Deportivo La Coruna;;;;
2627;2027-05-30 15:00:00;2027-05-30 Real Sociedad-Villarreal;Real Sociedad;Villarreal;;;;
2627;2026-08-22 18:45:00;2026-08-22 Genoa-Napoli;Genoa;Napoli;0;2;0.500846;1.15739
2627;2026-08-22 16:30:00;2026-08-22 Inter-Monza;Inter;Monza;4;1;1.5385;1.21666
2627;2026-08-22 18:45:00;2026-08-22 Parma Calcio 1913-Cagliari;Parma Calcio 1913;Cagliari;0;1;1.02972;1.2574
2627;2026-08-22 16:30:00;2026-08-22 Udinese-Como;Udinese;Como;1;1;2.12071;2.38585
2627;2026-08-23 18:45:00;2026-08-23 Atalanta-Sassuolo;Atalanta;Sassuolo;2;1;0.922815;2.70103
2627;2026-08-23 16:30:00;2026-08-23 Frosinone-Juventus;Frosinone;Juventus;0;1;0.365497;2.61714
2627;2026-08-23 18:45:00;2026-08-23 Torino-AC Milan;Torino;AC Milan;1;2;1.13035;1.74146
2627;2026-08-23 16:30:00;2026-08-23 Venezia-Lecce;Venezia;Lecce;0;2;3.19474;2.45246
2627;2026-08-24 16:30:00;2026-08-24 Bologna-Lazio;Bologna;Lazio;0;1;2.0643;0.805148
2627;2026-08-24 18:45:00;2026-08-24 Roma-Fiorentina;Roma;Fiorentina;4;0;3.77522;0.287976
2627;2026-08-28 18:45:00;2026-08-28 AC Milan-Venezia;AC Milan;Venezia;2;0;3.21774;0.521597
2627;2026-08-29 16:30:00;2026-08-29 Fiorentina-Frosinone;Fiorentina;Frosinone;0;3;1.8162;1.95272
2627;2026-08-29 18:45:00;2026-08-29 Juventus-Parma Calcio 1913;Juventus;Parma Calcio 1913;2;0;1.82242;0.200754
2627;2026-08-29 16:30:00;2026-08-29 Monza-Udinese;Monza;Udinese;2;3;1.89797;1.02273
2627;2026-08-29 16:30:00;2026-08-29 Sassuolo-Torino;Sassuolo;Torino;2;1;1.54523;1.50213
2627;2026-08-30 18:45:00;2026-08-30 Cagliari-Inter;Cagliari;Inter;0;1;0.323326;3.97224
2627;2026-08-30 18:45:00;2026-08-30 Lazio-Genoa;Lazio;Genoa;1;0;2.11324;0.743486
2627;2026-08-30 16:30:00;2026-08-30 Napoli-Como;Napoli;Como;1;2;1.03232;1.0975
2627;2026-08-31 18:45:00;2026-08-31 Atalanta-Bologna;Atalanta;Bologna;1;0;0.176344;1.23523
2627;2026-08-31 16:30:00;2026-08-31 Lecce-Roma;Lecce;Roma;0;4;1.20256;4.13617
2627;2026-09-04 18:45:00;2026-09-04 Genoa-Como;Genoa;Como;1;4;0.920577;2.00713
2627;2026-09-05 13:00:00;2026-09-05 Fiorentina-Torino;Fiorentina;Torino;1;2;1.35877;0.771751
2627;2026-09-05 16:00:00;2026-09-05 Inter-Napoli;Inter;Napoli;3;2;3.7848;2.32276
2627;2026-09-05 18:45:00;2026-09-05 Roma-Atalanta;Roma;Atalanta;2;1;3.54086;0.772123
2627;2026-09-06 16:00:00;2026-09-06 Bologna-Sassuolo;Bologna;Sassuolo;2;2;3.00787;1.8411
2627;2026-09-06 13:00:00;2026-09-06 Frosinone-Venezia;Frosinone;Venezia;3;2;1.78975;2.43691
2627;2026-09-06 18:45:00;2026-09-06 Juventus-AC Milan;Juventus;AC Milan;1;1;1.69177;0.0949898
2627;2026-09-06 13:00:00;2026-09-06 Parma Calcio 1913-Monza;Parma Calcio 1913;Monza;1;1;0.622609;2.10415
2627;2026-09-07 16:30:00;2026-09-07 Cagliari-Lecce;Cagliari;Lecce;1;0;1.92177;0.445912
2627;2026-09-07 18:45:00;2026-09-07 Udinese-Lazio;Udinese;Lazio;1;2;0.797693;1.97943
2627;2026-09-11 18:45:00;2026-09-11 Venezia-Fiorentina;Venezia;Fiorentina;2;4;1.03183;3.12987
2627;2026-09-12 18:45:00;2026-09-12 Atalanta-Cagliari;Atalanta;Cagliari;1;2;1.47514;1.30851
2627;2026-09-12 13:00:00;2026-09-12 Genoa-Frosinone;Genoa;Frosinone;1;1;1.84249;1.74599
2627;2026-09-12 16:00:00;2026-09-12 Lazio-AC Milan;Lazio;AC Milan;2;2;2.363;2.15792
2627;2026-09-13 13:00:00;2026-09-13 Lecce-Monza;Lecce;Monza;3;2;1.94577;3.08533
2627;2026-09-13 16:00:00;2026-09-13 Napoli-Bologna;Napoli;Bologna;1;0;2.24885;0.16597
2627;2026-09-13 18:45:00;2026-09-13 Sassuolo-Juventus;Sassuolo;Juventus;3;2;0.956092;1.1844
2627;2026-09-14 16:30:00;2026-09-14 Como-Parma Calcio 1913;Como;Parma Calcio 1913;2;1;3.7711;1.55017
2627;2026-09-14 18:45:00;2026-09-14 Inter-Udinese;Inter;Udinese;5;3;3.68526;1.29442
2627;2026-09-14 16:30:00;2026-09-14 Torino-Roma;Torino;Roma;0;2;0.706935;2.33311
2627;2026-09-18 18:45:00;2026-09-18 Monza-Sassuolo;Monza;Sassuolo;2;1;1.6104;2.27094
2627;2026-09-19 13:00:00;2026-09-19 Bologna-Torino;Bologna;Torino;1;1;0.699269;0.958071
2627;2026-09-19 16:00:00;2026-09-19 Roma-Inter;Roma;Inter;2;2;2.31246;2.58716
2627;2026-09-19 13:00:00;2026-09-19 Udinese-Cagliari;Udinese;Cagliari;0;1;1.8486;0.636351
2627;2026-09-19 18:45:00;2026-09-19 Venezia-Lazio;Venezia;Lazio;0;2;1.84911;1.7718
2627;2026-09-20 18:45:00;2026-09-20 AC Milan-Lecce;AC Milan;Lecce;3;0;2.47529;0.217933
2627;2026-09-20 10:30:00;2026-09-20 Fiorentina-Napoli;Fiorentina;Napoli;1;1;1.06168;2.13022
2627;2026-09-20 13:00:00;2026-09-20 Frosinone-Como;Frosinone;Como;2;0;2.26034;2.28858
2627;2026-09-20 16:00:00;2026-09-20 Juventus-Atalanta;Juventus;Atalanta;2;0;1.91682;0.489173
2627;2026-09-20 13:00:00;2026-09-20 Parma Calcio 1913-Genoa;Parma Calcio 1913;Genoa;2;1;0.860604;0.86391
2627;2026-10-11 13:00:00;2026-10-11 Atalanta-Venezia;Atalanta;Venezia;;;;
2627;2026-10-11 13:00:00;2026-10-11 Cagliari-Juventus;Cagliari;Juventus;;;;
2627;2026-10-11 13:00:00;2026-10-11 Como-Roma;Como;Roma;;;;
2627;2026-10-11 13:00:00;2026-10-11 Genoa-Fiorentina;Genoa;Fiorentina;;;;
2627;2026-10-11 13:00:00;2026-10-11 Inter-Parma Calcio 1913;Inter;Parma Calcio 1913;;;;
2627;2026-10-11 13:00:00;2026-10-11 Lazio-Monza;Lazio;Monza;;;;
2627;2026-10-11 13:00:00;2026-10-11 Lecce-Bologna;Lecce;Bologna;;;;
2627;2026-10-11 13:00:00;2026-10-11 Napoli-Frosinone;Napoli;Frosinone;;;;
2627;2026-10-11 13:00:00;2026-10-11 Sassuolo-AC Milan;Sassuolo;AC Milan;;;;
2627;2026-10-11 13:00:00;2026-10-11 Torino-Udinese;Torino;Udinese;;;;
2627;2026-10-17 13:00:00;2026-10-17 AC Milan-Atalanta;AC Milan;Atalanta;;;;
2627;2026-10-17 13:00:00;2026-10-17 Bologna-Inter;Bologna;Inter;;;;
2627;2026-10-17 13:00:00;2026-10-17 Fiorentina-Como;Fiorentina;Como;;;;
2627;2026-10-17 13:00:00;2026-10-17 Frosinone-Sassuolo;Frosinone;Sassuolo;;;;
2627;2026-10-17 13:00:00;2026-10-17 Juventus-Lazio;Juventus;Lazio;;;;
2627;2026-10-17 13:00:00;2026-10-17 Monza-Cagliari;Monza;Cagliari;;;;
2627;2026-10-17 13:00:00;2026-10-17 Parma Calcio 1913-Torino;Parma Calcio 1913;Torino;;;;
2627;2026-10-17 13:00:00;2026-10-17 Roma-Genoa;Roma;Genoa;;;;
2627;2026-10-17 13:00:00;2026-10-17 Udinese-Lecce;Udinese;Lecce;;;;
2627;2026-10-17 13:00:00;2026-10-17 Venezia-Napoli;Venezia;Napoli;;;;
2627;2026-10-25 14:00:00;2026-10-25 Atalanta-Frosinone;Atalanta;Frosinone;;;;
2627;2026-10-25 14:00:00;2026-10-25 Cagliari-Bologna;Cagliari;Bologna;;;;
2627;2026-10-25 14:00:00;2026-10-25 Como-Sassuolo;Como;Sassuolo;;;;
2627;2026-10-25 14:00:00;2026-10-25 Genoa-Venezia;Genoa;Venezia;;;;
2627;2026-10-25 14:00:00;2026-10-25 Inter-Fiorentina;Inter;Fiorentina;;;;
2627;2026-10-25 14:00:00;2026-10-25 Lazio-Parma Calcio 1913;Lazio;Parma Calcio 1913;;;;
2627;2026-10-25 14:00:00;2026-10-25 Lecce-Juventus;Lecce;Juventus;;;;
2627;2026-10-25 14:00:00;2026-10-25 Napoli-Roma;Napoli;Roma;;;;
2627;2026-10-25 14:00:00;2026-10-25 Torino-Monza;Torino;Monza;;;;
2627;2026-10-25 14:00:00;2026-10-25 Udinese-AC Milan;Udinese;AC Milan;;;;
2627;2026-10-28 14:00:00;2026-10-28 AC Milan-Bologna;AC Milan;Bologna;;;;
2627;2026-10-28 14:00:00;2026-10-28 Fiorentina-Atalanta;Fiorentina;Atalanta;;;;
2627;2026-10-28 14:00:00;2026-10-28 Frosinone-Lecce;Frosinone;Lecce;;;;
2627;2026-10-28 14:00:00;2026-10-28 Genoa-Juventus;Genoa;Juventus;;;;
2627;2026-10-28 14:00:00;2026-10-28 Monza-Napoli;Monza;Napoli;;;;
2627;2026-10-28 14:00:00;2026-10-28 Parma Calcio 1913-Udinese;Parma Calcio 1913;Udinese;;;;
2627;2026-10-28 14:00:00;2026-10-28 Roma-Cagliari;Roma;Cagliari;;;;
2627;2026-10-28 14:00:00;2026-10-28 Sassuolo-Lazio;Sassuolo;Lazio;;;;
2627;2026-10-28 14:00:00;2026-10-28 Torino-Como;Torino;Como;;;;
2627;2026-10-28 14:00:00;2026-10-28 Venezia-Inter;Venezia;Inter;;;;
2627;2026-11-01 14:00:00;2026-11-01 AC Milan-Inter;AC Milan;Inter;;;;
2627;2026-11-01 14:00:00;2026-11-01 Atalanta-Parma Calcio 1913;Atalanta;Parma Calcio 1913;;;;
2627;2026-11-01 14:00:00;2026-11-01 Bologna-Monza;Bologna;Monza;;;;
2627;2026-11-01 14:00:00;2026-11-01 Como-Venezia;Como;Venezia;;;;
2627;2026-11-01 14:00:00;2026-11-01 Frosinone-Torino;Frosinone;Torino;;;;
2627;2026-11-01 14:00:00;2026-11-01 Juventus-Napoli;Juventus;Napoli;;;;
2627;2026-11-01 14:00:00;2026-11-01 Lazio-Cagliari;Lazio;Cagliari;;;;
2627;2026-11-01 14:00:00;2026-11-01 Lecce-Genoa;Lecce;Genoa;;;;
2627;2026-11-01 14:00:00;2026-11-01 Sassuolo-Fiorentina;Sassuolo;Fiorentina;;;;
2627;2026-11-01 14:00:00;2026-11-01 Udinese-Roma;Udinese;Roma;;;;
2627;2026-11-08 14:00:00;2026-11-08 Cagliari-Frosinone;Cagliari;Frosinone;;;;
2627;2026-11-08 14:00:00;2026-11-08 Fiorentina-Juventus;Fiorentina;Juventus;;;;
2627;2026-11-08 14:00:00;2026-11-08 Genoa-AC Milan;Genoa;AC Milan;;;;
2627;2026-11-08 14:00:00;2026-11-08 Inter-Como;Inter;Como;;;;
2627;2026-11-08 14:00:00;2026-11-08 Monza-Atalanta;Monza;Atalanta;;;;
2627;2026-11-08 14:00:00;2026-11-08 Napoli-Lazio;Napoli;Lazio;;;;
2627;2026-11-08 14:00:00;2026-11-08 Parma Calcio 1913-Bologna;Parma Calcio 1913;Bologna;;;;
2627;2026-11-08 14:00:00;2026-11-08 Roma-Sassuolo;Roma;Sassuolo;;;;
2627;2026-11-08 14:00:00;2026-11-08 Torino-Lecce;Torino;Lecce;;;;
2627;2026-11-08 14:00:00;2026-11-08 Venezia-Udinese;Venezia;Udinese;;;;
2627;2026-11-22 14:00:00;2026-11-22 AC Milan-Frosinone;AC Milan;Frosinone;;;;
2627;2026-11-22 14:00:00;2026-11-22 Atalanta-Inter;Atalanta;Inter;;;;
2627;2026-11-22 14:00:00;2026-11-22 Bologna-Udinese;Bologna;Udinese;;;;
2627;2026-11-22 14:00:00;2026-11-22 Como-Cagliari;Como;Cagliari;;;;
2627;2026-11-22 14:00:00;2026-11-22 Juventus-Venezia;Juventus;Venezia;;;;
2627;2026-11-22 14:00:00;2026-11-22 Lazio-Lecce;Lazio;Lecce;;;;
2627;2026-11-22 14:00:00;2026-11-22 Monza-Fiorentina;Monza;Fiorentina;;;;
2627;2026-11-22 14:00:00;2026-11-22 Napoli-Torino;Napoli;Torino;;;;
2627;2026-11-22 14:00:00;2026-11-22 Parma Calcio 1913-Roma;Parma Calcio 1913;Roma;;;;
2627;2026-11-22 14:00:00;2026-11-22 Sassuolo-Genoa;Sassuolo;Genoa;;;;
2627;2026-11-29 14:00:00;2026-11-29 Cagliari-AC Milan;Cagliari;AC Milan;;;;
2627;2026-11-29 14:00:00;2026-11-29 Como-Juventus;Como;Juventus;;;;
2627;2026-11-29 14:00:00;2026-11-29 Frosinone-Parma Calcio 1913;Frosinone;Parma Calcio 1913;;;;
2627;2026-11-29 14:00:00;2026-11-29 Inter-Genoa;Inter;Genoa;;;;
2627;2026-11-29 14:00:00;2026-11-29 Lecce-Atalanta;Lecce;Atalanta;;;;
2627;2026-11-29 14:00:00;2026-11-29 Roma-Monza;Roma;Monza;;;;
2627;2026-11-29 14:00:00;2026-11-29 Sassuolo-Napoli;Sassuolo;Napoli;;;;
2627;2026-11-29 14:00:00;2026-11-29 Torino-Lazio;Torino;Lazio;;;;
2627;2026-11-29 14:00:00;2026-11-29 Udinese-Fiorentina;Udinese;Fiorentina;;;;
2627;2026-11-29 14:00:00;2026-11-29 Venezia-Bologna;Venezia;Bologna;;;;
2627;2026-12-06 14:00:00;2026-12-06 AC Milan-Parma Calcio 1913;AC Milan;Parma Calcio 1913;;;;
2627;2026-12-06 14:00:00;2026-12-06 Bologna-Roma;Bologna;Roma;;;;
2627;2026-12-06 14:00:00;2026-12-06 Fiorentina-Cagliari;Fiorentina;Cagliari;;;;
2627;2026-12-06 14:00:00;2026-12-06 Frosinone-Inter;Frosinone;Inter;;;;
2627;2026-12-06 14:00:00;2026-12-06 Genoa-Torino;Genoa;Torino;;;;
2627;2026-12-06 14:00:00;2026-12-06 Juventus-Udinese;Juventus;Udinese;;;;
2627;2026-12-06 14:00:00;2026-12-06 Lazio-Atalanta;Lazio;Atalanta;;;;
2627;2026-12-06 14:00:00;2026-12-06 Monza-Como;Monza;Como;;;;
2627;2026-12-06 14:00:00;2026-12-06 Napoli-Lecce;Napoli;Lecce;;;;
2627;2026-12-06 14:00:00;2026-12-06 Venezia-Sassuolo;Venezia;Sassuolo;;;;
2627;2026-12-13 14:00:00;2026-12-13 Atalanta-Genoa;Atalanta;Genoa;;;;
2627;2026-12-13 14:00:00;2026-12-13 Cagliari-Venezia;Cagliari;Venezia;;;;
2627;2026-12-13 14:00:00;2026-12-13 Como-Bologna;Como;Bologna;;;;
2627;2026-12-13 14:00:00;2026-12-13 Inter-Torino;Inter;Torino;;;;
2627;2026-12-13 14:00:00;2026-12-13 Juventus-Monza;Juventus;Monza;;;;
2627;2026-12-13 14:00:00;2026-12-13 Lazio-Roma;Lazio;Roma;;;;
2627;2026-12-13 14:00:00;2026-12-13 Lecce-Sassuolo;Lecce;Sassuolo;;;;
2627;2026-12-13 14:00:00;2026-12-13 Napoli-AC Milan;Napoli;AC Milan;;;;
2627;2026-12-13 14:00:00;2026-12-13 Parma Calcio 1913-Fiorentina;Parma Calcio 1913;Fiorentina;;;;
2627;2026-12-13 14:00:00;2026-12-13 Udinese-Frosinone;Udinese;Frosinone;;;;
2627;2026-12-20 14:00:00;2026-12-20 AC Milan-Como;AC Milan;Como;;;;
2627;2026-12-20 14:00:00;2026-12-20 Atalanta-Napoli;Atalanta;Napoli;;;;
2627;2026-12-20 14:00:00;2026-12-20 Fiorentina-Bologna;Fiorentina;Bologna;;;;
2627;2026-12-20 14:00:00;2026-12-20 Frosinone-Lazio;Frosinone;Lazio;;;;
2627;2026-12-20 14:00:00;2026-12-20 Genoa-Udinese;Genoa;Udinese;;;;
2627;2026-12-20 14:00:00;2026-12-20 Lecce-Inter;Lecce;Inter;;;;
2627;2026-12-20 14:00:00;2026-12-20 Roma-Juventus;Roma;Juventus;;;;
2627;2026-12-20 14:00:00;2026-12-20 Sassuolo-Parma Calcio 1913;Sassuolo;Parma Calcio 1913;;;;
2627;2026-12-20 14:00:00;2026-12-20 Torino-Cagliari;Torino;Cagliari;;;;
2627;2026-12-20 14:00:00;2026-12-20 Venezia-Monza;Venezia;Monza;;;;
2627;2027-01-03 14:00:00;2027-01-03 Bologna-Juventus;Bologna;Juventus;;;;
2627;2027-01-03 14:00:00;2027-01-03 Cagliari-Genoa;Cagliari;Genoa;;;;
2627;2027-01-03 14:00:00;2027-01-03 Como-Lecce;Como;Lecce;;;;
2627;2027-01-03 14:00:00;2027-01-03 Fiorentina-Lazio;Fiorentina;Lazio;;;;
2627;2027-01-03 14:00:00;2027-01-03 Inter-Sassuolo;Inter;Sassuolo;;;;
2627;2027-01-03 14:00:00;2027-01-03 Monza-AC Milan;Monza;AC Milan;;;;
2627;2027-01-03 14:00:00;2027-01-03 Parma Calcio 1913-Napoli;Parma Calcio 1913;Napoli;;;;
2627;2027-01-03 14:00:00;2027-01-03 Roma-Frosinone;Roma;Frosinone;;;;
2627;2027-01-03 14:00:00;2027-01-03 Torino-Venezia;Torino;Venezia;;;;
2627;2027-01-03 14:00:00;2027-01-03 Udinese-Atalanta;Udinese;Atalanta;;;;
2627;2027-01-06 14:00:00;2027-01-06 AC Milan-Fiorentina;AC Milan;Fiorentina;;;;
2627;2027-01-06 14:00:00;2027-01-06 Atalanta-Como;Atalanta;Como;;;;
2627;2027-01-06 14:00:00;2027-01-06 Frosinone-Bologna;Frosinone;Bologna;;;;
2627;2027-01-06 14:00:00;2027-01-06 Genoa-Monza;Genoa;Monza;;;;
2627;2027-01-06 14:00:00;2027-01-06 Juventus-Torino;Juventus;Torino;;;;
2627;2027-01-06 14:00:00;2027-01-06 Lazio-Inter;Lazio;Inter;;;;
2627;2027-01-06 14:00:00;2027-01-06 Lecce-Parma Calcio 1913;Lecce;Parma Calcio 1913;;;;
2627;2027-01-06 14:00:00;2027-01-06 Napoli-Cagliari;Napoli;Cagliari;;;;
2627;2027-01-06 14:00:00;2027-01-06 Sassuolo-Udinese;Sassuolo;Udinese;;;;
2627;2027-01-06 14:00:00;2027-01-06 Venezia-Roma;Venezia;Roma;;;;
2627;2027-01-10 14:00:00;2027-01-10 Bologna-Genoa;Bologna;Genoa;;;;
2627;2027-01-10 14:00:00;2027-01-10 Cagliari-Sassuolo;Cagliari;Sassuolo;;;;
2627;2027-01-10 14:00:00;2027-01-10 Como-Lazio;Como;Lazio;;;;
2627;2027-01-10 14:00:00;2027-01-10 Fiorentina-Lecce;Fiorentina;Lecce;;;;
2627;2027-01-10 14:00:00;2027-01-10 Inter-Juventus;Inter;Juventus;;;;
2627;2027-01-10 14:00:00;2027-01-10 Monza-Frosinone;Monza;Frosinone;;;;
2627;2027-01-10 14:00:00;2027-01-10 Parma Calcio 1913-Venezia;Parma Calcio 1913;Venezia;;;;
2627;2027-01-10 14:00:00;2027-01-10 Roma-AC Milan;Roma;AC Milan;;;;
2627;2027-01-10 14:00:00;2027-01-10 Torino-Atalanta;Torino;Atalanta;;;;
2627;2027-01-10 14:00:00;2027-01-10 Udinese-Napoli;Udinese;Napoli;;;;
2627;2027-01-17 14:00:00;2027-01-17 AC Milan-Torino;AC Milan;Torino;;;;
2627;2027-01-17 14:00:00;2027-01-17 Atalanta-Roma;Atalanta;Roma;;;;
2627;2027-01-17 14:00:00;2027-01-17 Cagliari-Como;Cagliari;Como;;;;
2627;2027-01-17 14:00:00;2027-01-17 Juventus-Genoa;Juventus;Genoa;;;;
2627;2027-01-17 14:00:00;2027-01-17 Lazio-Bologna;Lazio;Bologna;;;;
2627;2027-01-17 14:00:00;2027-01-17 Lecce-Udinese;Lecce;Udinese;;;;
2627;2027-01-17 14:00:00;2027-01-17 Napoli-Fiorentina;Napoli;Fiorentina;;;;
2627;2027-01-17 14:00:00;2027-01-17 Parma Calcio 1913-Inter;Parma Calcio 1913;Inter;;;;
2627;2027-01-17 14:00:00;2027-01-17 Sassuolo-Monza;Sassuolo;Monza;;;;
2627;2027-01-17 14:00:00;2027-01-17 Venezia-Frosinone;Venezia;Frosinone;;;;
2627;2027-01-24 14:00:00;2027-01-24 Bologna-Atalanta;Bologna;Atalanta;;;;
2627;2027-01-24 14:00:00;2027-01-24 Como-Napoli;Como;Napoli;;;;
2627;2027-01-24 14:00:00;2027-01-24 Fiorentina-Sassuolo;Fiorentina;Sassuolo;;;;
2627;2027-01-24 14:00:00;2027-01-24 Frosinone-AC Milan;Frosinone;AC Milan;;;;
2627;2027-01-24 14:00:00;2027-01-24 Genoa-Parma Calcio 1913;Genoa;Parma Calcio 1913;;;;
2627;2027-01-24 14:00:00;2027-01-24 Inter-Venezia;Inter;Venezia;;;;
2627;2027-01-24 14:00:00;2027-01-24 Juventus-Cagliari;Juventus;Cagliari;;;;
2627;2027-01-24 14:00:00;2027-01-24 Lecce-Torino;Lecce;Torino;;;;
2627;2027-01-24 14:00:00;2027-01-24 Monza-Lazio;Monza;Lazio;;;;
2627;2027-01-24 14:00:00;2027-01-24 Roma-Udinese;Roma;Udinese;;;;
2627;2027-01-31 14:00:00;2027-01-31 AC Milan-Juventus;AC Milan;Juventus;;;;
2627;2027-01-31 14:00:00;2027-01-31 Atalanta-Fiorentina;Atalanta;Fiorentina;;;;
2627;2027-01-31 14:00:00;2027-01-31 Cagliari-Parma Calcio 1913;Cagliari;Parma Calcio 1913;;;;
2627;2027-01-31 14:00:00;2027-01-31 Genoa-Lecce;Genoa;Lecce;;;;
2627;2027-01-31 14:00:00;2027-01-31 Lazio-Venezia;Lazio;Venezia;;;;
2627;2027-01-31 14:00:00;2027-01-31 Monza-Roma;Monza;Roma;;;;
2627;2027-01-31 14:00:00;2027-01-31 Napoli-Inter;Napoli;Inter;;;;
2627;2027-01-31 14:00:00;2027-01-31 Sassuolo-Como;Sassuolo;Como;;;;
2627;2027-01-31 14:00:00;2027-01-31 Torino-Frosinone;Torino;Frosinone;;;;
2627;2027-01-31 14:00:00;2027-01-31 Udinese-Bologna;Udinese;Bologna;;;;
2627;2027-02-07 14:00:00;2027-02-07 Atalanta-Lazio;Atalanta;Lazio;;;;
2627;2027-02-07 14:00:00;2027-02-07 Bologna-AC Milan;Bologna;AC Milan;;;;
2627;2027-02-07 14:00:00;2027-02-07 Como-Monza;Como;Monza;;;;
2627;2027-02-07 14:00:00;2027-02-07 Fiorentina-Udinese;Fiorentina;Udinese;;;;
2627;2027-02-07 14:00:00;2027-02-07 Inter-Cagliari;Inter;Cagliari;;;;
2627;2027-02-07 14:00:00;2027-02-07 Juventus-Sassuolo;Juventus;Sassuolo;;;;
2627;2027-02-07 14:00:00;2027-02-07 Lecce-Napoli;Lecce;Napoli;;;;
2627;2027-02-07 14:00:00;2027-02-07 Parma Calcio 1913-Frosinone;Parma Calcio 1913;Frosinone;;;;
2627;2027-02-07 14:00:00;2027-02-07 Roma-Torino;Roma;Torino;;;;
2627;2027-02-07 14:00:00;2027-02-07 Venezia-Genoa;Venezia;Genoa;;;;
2627;2027-02-14 14:00:00;2027-02-14 Bologna-Como;Bologna;Como;;;;
2627;2027-02-14 14:00:00;2027-02-14 Cagliari-Lazio;Cagliari;Lazio;;;;
2627;2027-02-14 14:00:00;2027-02-14 Frosinone-Fiorentina;Frosinone;Fiorentina;;;;
2627;2027-02-14 14:00:00;2027-02-14 Genoa-Atalanta;Genoa;Atalanta;;;;
2627;2027-02-14 14:00:00;2027-02-14 Inter-AC Milan;Inter;AC Milan;;;;
2627;2027-02-14 14:00:00;2027-02-14 Monza-Lecce;Monza;Lecce;;;;
2627;2027-02-14 14:00:00;2027-02-14 Napoli-Juventus;Napoli;Juventus;;;;
2627;2027-02-14 14:00:00;2027-02-14 Roma-Parma Calcio 1913;Roma;Parma Calcio 1913;;;;
2627;2027-02-14 14:00:00;2027-02-14 Torino-Sassuolo;Torino;Sassuolo;;;;
2627;2027-02-14 14:00:00;2027-02-14 Udinese-Venezia;Udinese;Venezia;;;;
2627;2027-02-21 14:00:00;2027-02-21 AC Milan-Genoa;AC Milan;Genoa;;;;
2627;2027-02-21 14:00:00;2027-02-21 Atalanta-Monza;Atalanta;Monza;;;;
2627;2027-02-21 14:00:00;2027-02-21 Como-Torino;Como;Torino;;;;
2627;2027-02-21 14:00:00;2027-02-21 Fiorentina-Inter;Fiorentina;Inter;;;;
2627;2027-02-21 14:00:00;2027-02-21 Juventus-Bologna;Juventus;Bologna;;;;
2627;2027-02-21 14:00:00;2027-02-21 Lazio-Napoli;Lazio;Napoli;;;;
2627;2027-02-21 14:00:00;2027-02-21 Lecce-Frosinone;Lecce;Frosinone;;;;
2627;2027-02-21 14:00:00;2027-02-21 Sassuolo-Roma;Sassuolo;Roma;;;;
2627;2027-02-21 14:00:00;2027-02-21 Udinese-Parma Calcio 1913;Udinese;Parma Calcio 1913;;;;
2627;2027-02-21 14:00:00;2027-02-21 Venezia-Cagliari;Venezia;Cagliari;;;;
2627;2027-02-28 14:00:00;2027-02-28 Bologna-Lecce;Bologna;Lecce;;;;
2627;2027-02-28 14:00:00;2027-02-28 Cagliari-Udinese;Cagliari;Udinese;;;;
2627;2027-02-28 14:00:00;2027-02-28 Como-AC Milan;Como;AC Milan;;;;
2627;2027-02-28 14:00:00;2027-02-28 Frosinone-Napoli;Frosinone;Napoli;;;;
2627;2027-02-28 14:00:00;2027-02-28 Genoa-Lazio;Genoa;Lazio;;;;
2627;2027-02-28 14:00:00;2027-02-28 Inter-Atalanta;Inter;Atalanta;;;;
2627;2027-02-28 14:00:00;2027-02-28 Monza-Juventus;Monza;Juventus;;;;
2627;2027-02-28 14:00:00;2027-02-28 Parma Calcio 1913-Sassuolo;Parma Calcio 1913;Sassuolo;;;;
2627;2027-02-28 14:00:00;2027-02-28 Roma-Venezia;Roma;Venezia;;;;
2627;2027-02-28 14:00:00;2027-02-28 Torino-Fiorentina;Torino;Fiorentina;;;;
2627;2027-03-07 14:00:00;2027-03-07 AC Milan-Cagliari;AC Milan;Cagliari;;;;
2627;2027-03-07 14:00:00;2027-03-07 Atalanta-Torino;Atalanta;Torino;;;;
2627;2027-03-07 14:00:00;2027-03-07 Fiorentina-Venezia;Fiorentina;Venezia;;;;
2627;2027-03-07 14:00:00;2027-03-07 Juventus-Roma;Juventus;Roma;;;;
2627;2027-03-07 14:00:00;2027-03-07 Lazio-Frosinone;Lazio;Frosinone;;;;
2627;2027-03-07 14:00:00;2027-03-07 Lecce-Como;Lecce;Como;;;;
2627;2027-03-07 14:00:00;2027-03-07 Monza-Genoa;Monza;Genoa;;;;
2627;2027-03-07 14:00:00;2027-03-07 Napoli-Parma Calcio 1913;Napoli;Parma Calcio 1913;;;;
2627;2027-03-07 14:00:00;2027-03-07 Sassuolo-Bologna;Sassuolo;Bologna;;;;
2627;2027-03-07 14:00:00;2027-03-07 Udinese-Inter;Udinese;Inter;;;;
2627;2027-03-14 14:00:00;2027-03-14 AC Milan-Sassuolo;AC Milan;Sassuolo;;;;
2627;2027-03-14 14:00:00;2027-03-14 Bologna-Napoli;Bologna;Napoli;;;;
2627;2027-03-14 14:00:00;2027-03-14 Cagliari-Fiorentina;Cagliari;Fiorentina;;;;
2627;2027-03-14 14:00:00;2027-03-14 Como-Udinese;Como;Udinese;;;;
2627;2027-03-14 14:00:00;2027-03-14 Frosinone-Monza;Frosinone;Monza;;;;
2627;2027-03-14 14:00:00;2027-03-14 Genoa-Roma;Genoa;Roma;;;;
2627;2027-03-14 14:00:00;2027-03-14 Lazio-Juventus;Lazio;Juventus;;;;
2627;2027-03-14 14:00:00;2027-03-14 Parma Calcio 1913-Lecce;Parma Calcio 1913;Lecce;;;;
2627;2027-03-14 14:00:00;2027-03-14 Torino-Inter;Torino;Inter;;;;
2627;2027-03-14 14:00:00;2027-03-14 Venezia-Atalanta;Venezia;Atalanta;;;;
2627;2027-03-21 14:00:00;2027-03-21 Atalanta-AC Milan;Atalanta;AC Milan;;;;
2627;2027-03-21 14:00:00;2027-03-21 Fiorentina-Genoa;Fiorentina;Genoa;;;;
2627;2027-03-21 14:00:00;2027-03-21 Inter-Frosinone;Inter;Frosinone;;;;
2627;2027-03-21 14:00:00;2027-03-21 Juventus-Como;Juventus;Como;;;;
2627;2027-03-21 14:00:00;2027-03-21 Monza-Bologna;Monza;Bologna;;;;
2627;2027-03-21 14:00:00;2027-03-21 Napoli-Venezia;Napoli;Venezia;;;;
2627;2027-03-21 14:00:00;2027-03-21 Parma Calcio 1913-Lazio;Parma Calcio 1913;Lazio;;;;
2627;2027-03-21 14:00:00;2027-03-21 Roma-Lecce;Roma;Lecce;;;;
2627;2027-03-21 14:00:00;2027-03-21 Sassuolo-Cagliari;Sassuolo;Cagliari;;;;
2627;2027-03-21 14:00:00;2027-03-21 Udinese-Torino;Udinese;Torino;;;;
2627;2027-04-04 13:00:00;2027-04-04 AC Milan-Monza;AC Milan;Monza;;;;
2627;2027-04-04 13:00:00;2027-04-04 Cagliari-Napoli;Cagliari;Napoli;;;;
2627;2027-04-04 13:00:00;2027-04-04 Como-Fiorentina;Como;Fiorentina;;;;
2627;2027-04-04 13:00:00;2027-04-04 Frosinone-Udinese;Frosinone;Udinese;;;;
2627;2027-04-04 13:00:00;2027-04-04 Genoa-Inter;Genoa;Inter;;;;
2627;2027-04-04 13:00:00;2027-04-04 Lecce-Lazio;Lecce;Lazio;;;;
2627;2027-04-04 13:00:00;2027-04-04 Roma-Bologna;Roma;Bologna;;;;
2627;2027-04-04 13:00:00;2027-04-04 Sassuolo-Atalanta;Sassuolo;Atalanta;;;;
2627;2027-04-04 13:00:00;2027-04-04 Torino-Juventus;Torino;Juventus;;;;
2627;2027-04-04 13:00:00;2027-04-04 Venezia-Parma Calcio 1913;Venezia;Parma Calcio 1913;;;;
2627;2027-04-11 13:00:00;2027-04-11 Bologna-Venezia;Bologna;Venezia;;;;
2627;2027-04-11 13:00:00;2027-04-11 Cagliari-Atalanta;Cagliari;Atalanta;;;;
2627;2027-04-11 13:00:00;2027-04-11 Fiorentina-AC Milan;Fiorentina;AC Milan;;;;
2627;2027-04-11 13:00:00;2027-04-11 Frosinone-Genoa;Frosinone;Genoa;;;;
2627;2027-04-11 13:00:00;2027-04-11 Inter-Roma;Inter;Roma;;;;
2627;2027-04-11 13:00:00;2027-04-11 Juventus-Lecce;Juventus;Lecce;;;;
2627;2027-04-11 13:00:00;2027-04-11 Lazio-Torino;Lazio;Torino;;;;
2627;2027-04-11 13:00:00;2027-04-11 Napoli-Sassuolo;Napoli;Sassuolo;;;;
2627;2027-04-11 13:00:00;2027-04-11 Parma Calcio 1913-Como;Parma Calcio 1913;Como;;;;
2627;2027-04-11 13:00:00;2027-04-11 Udinese-Monza;Udinese;Monza;;;;
2627;2027-04-18 13:00:00;2027-04-18 AC Milan-Napoli;AC Milan;Napoli;;;;
2627;2027-04-18 13:00:00;2027-04-18 Atalanta-Udinese;Atalanta;Udinese;;;;
2627;2027-04-18 13:00:00;2027-04-18 Bologna-Cagliari;Bologna;Cagliari;;;;
2627;2027-04-18 13:00:00;2027-04-18 Como-Frosinone;Como;Frosinone;;;;
2627;2027-04-18 13:00:00;2027-04-18 Fiorentina-Parma Calcio 1913;Fiorentina;Parma Calcio 1913;;;;
2627;2027-04-18 13:00:00;2027-04-18 Monza-Inter;Monza;Inter;;;;
2627;2027-04-18 13:00:00;2027-04-18 Roma-Lazio;Roma;Lazio;;;;
2627;2027-04-18 13:00:00;2027-04-18 Sassuolo-Lecce;Sassuolo;Lecce;;;;
2627;2027-04-18 13:00:00;2027-04-18 Torino-Genoa;Torino;Genoa;;;;
2627;2027-04-18 13:00:00;2027-04-18 Venezia-Juventus;Venezia;Juventus;;;;
2627;2027-04-25 13:00:00;2027-04-25 Cagliari-Monza;Cagliari;Monza;;;;
2627;2027-04-25 13:00:00;2027-04-25 Frosinone-Roma;Frosinone;Roma;;;;
2627;2027-04-25 13:00:00;2027-04-25 Genoa-Sassuolo;Genoa;Sassuolo;;;;
2627;2027-04-25 13:00:00;2027-04-25 Inter-Bologna;Inter;Bologna;;;;
2627;2027-04-25 13:00:00;2027-04-25 Juventus-Fiorentina;Juventus;Fiorentina;;;;
2627;2027-04-25 13:00:00;2027-04-25 Lazio-Como;Lazio;Como;;;;
2627;2027-04-25 13:00:00;2027-04-25 Lecce-AC Milan;Lecce;AC Milan;;;;
2627;2027-04-25 13:00:00;2027-04-25 Napoli-Udinese;Napoli;Udinese;;;;
2627;2027-04-25 13:00:00;2027-04-25 Parma Calcio 1913-Atalanta;Parma Calcio 1913;Atalanta;;;;
2627;2027-04-25 13:00:00;2027-04-25 Venezia-Torino;Venezia;Torino;;;;
2627;2027-05-02 13:00:00;2027-05-02 AC Milan-Lazio;AC Milan;Lazio;;;;
2627;2027-05-02 13:00:00;2027-05-02 Atalanta-Juventus;Atalanta;Juventus;;;;
2627;2027-05-02 13:00:00;2027-05-02 Bologna-Fiorentina;Bologna;Fiorentina;;;;
2627;2027-05-02 13:00:00;2027-05-02 Como-Inter;Como;Inter;;;;
2627;2027-05-02 13:00:00;2027-05-02 Lecce-Cagliari;Lecce;Cagliari;;;;
2627;2027-05-02 13:00:00;2027-05-02 Monza-Venezia;Monza;Venezia;;;;
2627;2027-05-02 13:00:00;2027-05-02 Roma-Napoli;Roma;Napoli;;;;
2627;2027-05-02 13:00:00;2027-05-02 Sassuolo-Frosinone;Sassuolo;Frosinone;;;;
2627;2027-05-02 13:00:00;2027-05-02 Torino-Parma Calcio 1913;Torino;Parma Calcio 1913;;;;
2627;2027-05-02 13:00:00;2027-05-02 Udinese-Genoa;Udinese;Genoa;;;;
2627;2027-05-09 13:00:00;2027-05-09 Fiorentina-Roma;Fiorentina;Roma;;;;
2627;2027-05-09 13:00:00;2027-05-09 Frosinone-Atalanta;Frosinone;Atalanta;;;;
2627;2027-05-09 13:00:00;2027-05-09 Genoa-Cagliari;Genoa;Cagliari;;;;
2627;2027-05-09 13:00:00;2027-05-09 Inter-Lecce;Inter;Lecce;;;;
2627;2027-05-09 13:00:00;2027-05-09 Lazio-Sassuolo;Lazio;Sassuolo;;;;
2627;2027-05-09 13:00:00;2027-05-09 Napoli-Monza;Napoli;Monza;;;;
2627;2027-05-09 13:00:00;2027-05-09 Parma Calcio 1913-AC Milan;Parma Calcio 1913;AC Milan;;;;
2627;2027-05-09 13:00:00;2027-05-09 Torino-Bologna;Torino;Bologna;;;;
2627;2027-05-09 13:00:00;2027-05-09 Udinese-Juventus;Udinese;Juventus;;;;
2627;2027-05-09 13:00:00;2027-05-09 Venezia-Como;Venezia;Como;;;;
2627;2027-05-16 13:00:00;2027-05-16 AC Milan-Roma;AC Milan;Roma;;;;
2627;2027-05-16 13:00:00;2027-05-16 Bologna-Frosinone;Bologna;Frosinone;;;;
2627;2027-05-16 13:00:00;2027-05-16 Cagliari-Torino;Cagliari;Torino;;;;
2627;2027-05-16 13:00:00;2027-05-16 Como-Atalanta;Como;Atalanta;;;;
2627;2027-05-16 13:00:00;2027-05-16 Juventus-Inter;Juventus;Inter;;;;
2627;2027-05-16 13:00:00;2027-05-16 Lazio-Udinese;Lazio;Udinese;;;;
2627;2027-05-16 13:00:00;2027-05-16 Lecce-Fiorentina;Lecce;Fiorentina;;;;
2627;2027-05-16 13:00:00;2027-05-16 Monza-Parma Calcio 1913;Monza;Parma Calcio 1913;;;;
2627;2027-05-16 13:00:00;2027-05-16 Napoli-Genoa;Napoli;Genoa;;;;
2627;2027-05-16 13:00:00;2027-05-16 Sassuolo-Venezia;Sassuolo;Venezia;;;;
2627;2027-05-23 13:00:00;2027-05-23 Atalanta-Lecce;Atalanta;Lecce;;;;
2627;2027-05-23 13:00:00;2027-05-23 Fiorentina-Monza;Fiorentina;Monza;;;;
2627;2027-05-23 13:00:00;2027-05-23 Frosinone-Cagliari;Frosinone;Cagliari;;;;
2627;2027-05-23 13:00:00;2027-05-23 Genoa-Bologna;Genoa;Bologna;;;;
2627;2027-05-23 13:00:00;2027-05-23 Inter-Lazio;Inter;Lazio;;;;
2627;2027-05-23 13:00:00;2027-05-23 Parma Calcio 1913-Juventus;Parma Calcio 1913;Juventus;;;;
2627;2027-05-23 13:00:00;2027-05-23 Roma-Como;Roma;Como;;;;
2627;2027-05-23 13:00:00;2027-05-23 Torino-Napoli;Torino;Napoli;;;;
2627;2027-05-23 13:00:00;2027-05-23 Udinese-Sassuolo;Udinese;Sassuolo;;;;
2627;2027-05-23 13:00:00;2027-05-23 Venezia-AC Milan;Venezia;AC Milan;;;;
2627;2027-05-30 13:00:00;2027-05-30 AC Milan-Udinese;AC Milan;Udinese;;;;
2627;2027-05-30 13:00:00;2027-05-30 Bologna-Parma Calcio 1913;Bologna;Parma Calcio 1913;;;;
2627;2027-05-30 13:00:00;2027-05-30 Cagliari-Roma;Cagliari;Roma;;;;
2627;2027-05-30 13:00:00;2027-05-30 Como-Genoa;Como;Genoa;;;;
2627;2027-05-30 13:00:00;2027-05-30 Juventus-Frosinone;Juventus;Frosinone;;;;
2627;2027-05-30 13:00:00;2027-05-30 Lazio-Fiorentina;Lazio;Fiorentina;;;;
2627;2027-05-30 13:00:00;2027-05-30 Lecce-Venezia;Lecce;Venezia;;;;
2627;2027-05-30 13:00:00;2027-05-30 Monza-Torino;Monza;Torino;;;;
2627;2027-05-30 13:00:00;2027-05-30 Napoli-Atalanta;Napoli;Atalanta;;;;
2627;2027-05-30 13:00:00;2027-05-30 Sassuolo-Inter;Sassuolo;Inter;;;;
2627;2026-08-21 19:00:00;2026-08-21 Arsenal-Coventry;Arsenal;Coventry;3;0;1.85424;0.558336
2627;2026-08-22 16:30:00;2026-08-22 Brentford-Tottenham;Brentford;Tottenham;3;0;4.04155;0.756284
2627;2026-08-22 14:00:00;2026-08-22 Everton-Crystal Palace;Everton;Crystal Palace;2;0;1.45085;2.23095
2627;2026-08-22 11:30:00;2026-08-22 Hull-Manchester United;Hull;Manchester United;2;0;1.49627;1.77874
2627;2026-08-22 14:00:00;2026-08-22 Ipswich-Sunderland;Ipswich;Sunderland;2;1;1.58452;1.17743
2627;2026-08-22 14:00:00;2026-08-22 Nottingham Forest-Leeds;Nottingham Forest;Leeds;0;1;0.656681;0.466247
2627;2026-08-23 13:00:00;2026-08-23 Brighton-Aston Villa;Brighton;Aston Villa;4;0;4.00327;0.275249
2627;2026-08-23 13:00:00;2026-08-23 Manchester City-Bournemouth;Manchester City;Bournemouth;2;1;2.47444;0.707541
2627;2026-08-23 15:30:00;2026-08-23 Newcastle United-Liverpool;Newcastle United;Liverpool;2;2;1.59465;3.13133
2627;2026-08-24 19:00:00;2026-08-24 Fulham-Chelsea;Fulham;Chelsea;2;3;1.41707;2.58384
2627;2026-08-28 19:00:00;2026-08-28 Crystal Palace-Manchester City;Crystal Palace;Manchester City;1;4;0.926624;2.56662
2627;2026-08-29 14:00:00;2026-08-29 Bournemouth-Everton;Bournemouth;Everton;1;1;2.25803;1.66352
2627;2026-08-29 14:00:00;2026-08-29 Coventry-Hull;Coventry;Hull;0;1;1.18233;0.459726
2627;2026-08-29 11:30:00;2026-08-29 Liverpool-Nottingham Forest;Liverpool;Nottingham Forest;2;2;1.27921;2.87937
2627;2026-08-29 16:30:00;2026-08-29 Tottenham-Newcastle United;Tottenham;Newcastle United;0;2;1.12037;1.00952
2627;2026-08-30 13:00:00;2026-08-30 Chelsea-Brighton;Chelsea;Brighton;4;3;3.8289;1.79173
2627;2026-08-30 13:00:00;2026-08-30 Leeds-Brentford;Leeds;Brentford;1;1;1.14993;1.61344
2627;2026-08-30 15:30:00;2026-08-30 Manchester United-Ipswich;Manchester United;Ipswich;5;2;4.86612;1.80548
2627;2026-08-30 13:00:00;2026-08-30 Sunderland-Fulham;Sunderland;Fulham;1;0;1.56229;1.02405
2627;2026-08-31 19:00:00;2026-08-31 Aston Villa-Arsenal;Aston Villa;Arsenal;0;1;0.281925;1.52441
2627;2026-09-04 19:00:00;2026-09-04 Ipswich-Liverpool;Ipswich;Liverpool;0;2;0.597972;0.744139
2627;2026-09-05 14:00:00;2026-09-05 Brentford-Sunderland;Brentford;Sunderland;1;1;1.58584;2.15489
2627;2026-09-05 14:00:00;2026-09-05 Brighton-Leeds;Brighton;Leeds;1;1;2.22026;2.23407
2627;2026-09-05 14:00:00;2026-09-05 Fulham-Crystal Palace;Fulham;Crystal Palace;2;3;2.88274;2.35981
2627;2026-09-05 16:30:00;2026-09-05 Hull-Aston Villa;Hull;Aston Villa;0;0;0.812385;1.63526
2627;2026-09-05 14:00:00;2026-09-05 Manchester City-Coventry;Manchester City;Coventry;1;0;2.19038;1.49306
2627;2026-09-05 11:30:00;2026-09-05 Newcastle United-Bournemouth;Newcastle United;Bournemouth;2;2;0.771636;1.63891
2627;2026-09-05 14:00:00;2026-09-05 Nottingham Forest-Tottenham;Nottingham Forest;Tottenham;0;0;0.831692;1.48446
2627;2026-09-06 15:30:00;2026-09-06 Arsenal-Chelsea;Arsenal;Chelsea;2;1;2.80555;0.430508
2627;2026-09-06 13:00:00;2026-09-06 Everton-Manchester United;Everton;Manchester United;2;2;1.05629;0.872225
2627;2026-09-12 14:00:00;2026-09-12 Aston Villa-Nottingham Forest;Aston Villa;Nottingham Forest;1;2;1.08786;2.79451
2627;2026-09-12 14:00:00;2026-09-12 Bournemouth-Brentford;Bournemouth;Brentford;2;2;2.54949;0.794238
2627;2026-09-12 14:00:00;2026-09-12 Chelsea-Hull;Chelsea;Hull;2;2;1.21374;1.80363
2627;2026-09-12 14:00:00;2026-09-12 Crystal Palace-Ipswich;Crystal Palace;Ipswich;2;3;0.937888;2.03423
2627;2026-09-12 14:00:00;2026-09-12 Liverpool-Fulham;Liverpool;Fulham;0;0;1.79832;0.922453
2627;2026-09-12 19:00:00;2026-09-12 Sunderland-Arsenal;Sunderland;Arsenal;0;2;2.07033;1.98905
2627;2026-09-12 16:30:00;2026-09-12 Tottenham-Everton;Tottenham;Everton;0;0;0.736856;1.60056
2627;2026-09-13 13:00:00;2026-09-13 Coventry-Brighton;Coventry;Brighton;0;5;1.04812;2.76518
2627;2026-09-13 15:30:00;2026-09-13 Manchester United-Manchester City;Manchester United;Manchester City;0;1;0.943406;1.14073
2627;2026-09-14 19:00:00;2026-09-14 Leeds-Newcastle United;Leeds;Newcastle United;4;1;2.2902;0.793165
2627;2026-09-18 19:00:00;2026-09-18 Brentford-Chelsea;Brentford;Chelsea;3;0;2.47935;0.885111
2627;2026-09-19 14:00:00;2026-09-19 Brighton-Arsenal;Brighton;Arsenal;3;0;2.11268;1.23979
2627;2026-09-19 14:00:00;2026-09-19 Everton-Ipswich;Everton;Ipswich;1;0;2.58285;1.10179
2627;2026-09-19 14:00:00;2026-09-19 Newcastle United-Hull;Newcastle United;Hull;2;1;1.37521;1.15888
2627;2026-09-19 16:30:00;2026-09-19 Nottingham Forest-Coventry;Nottingham Forest;Coventry;0;1;1.31852;0.69375
2627;2026-09-19 11:30:00;2026-09-19 Tottenham-Aston Villa;Tottenham;Aston Villa;2;3;1.72177;1.7092
2627;2026-09-20 13:00:00;2026-09-20 Bournemouth-Liverpool;Bournemouth;Liverpool;0;1;0.944706;1.29116
2627;2026-09-20 15:30:00;2026-09-20 Fulham-Manchester United;Fulham;Manchester United;1;1;1.71719;2.12453
2627;2026-09-20 13:00:00;2026-09-20 Leeds-Crystal Palace;Leeds;Crystal Palace;0;0;1.08552;1.12905
2627;2026-09-20 13:00:00;2026-09-20 Manchester City-Sunderland;Manchester City;Sunderland;5;3;2.66856;3.10661
2627;2026-10-10 11:30:00;2026-10-10 Arsenal-Leeds;Arsenal;Leeds;;;;
2627;2026-10-10 14:00:00;2026-10-10 Aston Villa-Brentford;Aston Villa;Brentford;;;;
2627;2026-10-10 14:00:00;2026-10-10 Chelsea-Bournemouth;Chelsea;Bournemouth;;;;
2627;2026-10-10 14:00:00;2026-10-10 Ipswich-Fulham;Ipswich;Fulham;;;;
2627;2026-10-10 16:30:00;2026-10-10 Manchester United-Tottenham;Manchester United;Tottenham;;;;
2627;2026-10-10 14:00:00;2026-10-10 Sunderland-Brighton;Sunderland;Brighton;;;;
2627;2026-10-11 13:00:00;2026-10-11 Crystal Palace-Nottingham Forest;Crystal Palace;Nottingham Forest;;;;
2627;2026-10-11 13:00:00;2026-10-11 Hull-Everton;Hull;Everton;;;;
2627;2026-10-11 15:30:00;2026-10-11 Liverpool-Manchester City;Liverpool;Manchester City;;;;
2627;2026-10-12 19:00:00;2026-10-12 Coventry-Newcastle United;Coventry;Newcastle United;;;;
2627;2026-10-17 14:00:00;2026-10-17 Brentford-Liverpool;Brentford;Liverpool;;;;
2627;2026-10-17 11:30:00;2026-10-17 Everton-Chelsea;Everton;Chelsea;;;;
2627;2026-10-17 14:00:00;2026-10-17 Fulham-Hull;Fulham;Hull;;;;
2627;2026-10-17 14:00:00;2026-10-17 Manchester City-Ipswich;Manchester City;Ipswich;;;;
2627;2026-10-17 16:30:00;2026-10-17 Newcastle United-Aston Villa;Newcastle United;Aston Villa;;;;
2627;2026-10-18 13:00:00;2026-10-18 Bournemouth-Sunderland;Bournemouth;Sunderland;;;;
2627;2026-10-18 13:00:00;2026-10-18 Brighton-Crystal Palace;Brighton;Crystal Palace;;;;
2627;2026-10-18 13:00:00;2026-10-18 Leeds-Manchester United;Leeds;Manchester United;;;;
2627;2026-10-18 15:30:00;2026-10-18 Nottingham Forest-Arsenal;Nottingham Forest;Arsenal;;;;
2627;2026-10-19 19:00:00;2026-10-19 Tottenham-Coventry;Tottenham;Coventry;;;;
2627;2026-10-23 19:00:00;2026-10-23 Ipswich-Nottingham Forest;Ipswich;Nottingham Forest;;;;
2627;2026-10-24 14:00:00;2026-10-24 Arsenal-Everton;Arsenal;Everton;;;;
2627;2026-10-24 11:30:00;2026-10-24 Aston Villa-Manchester City;Aston Villa;Manchester City;;;;
2627;2026-10-24 16:30:00;2026-10-24 Chelsea-Tottenham;Chelsea;Tottenham;;;;
2627;2026-10-24 14:00:00;2026-10-24 Coventry-Fulham;Coventry;Fulham;;;;
2627;2026-10-24 14:00:00;2026-10-24 Liverpool-Brighton;Liverpool;Brighton;;;;
2627;2026-10-25 14:00:00;2026-10-25 Crystal Palace-Newcastle United;Crystal Palace;Newcastle United;;;;
2627;2026-10-25 14:00:00;2026-10-25 Hull-Brentford;Hull;Brentford;;;;
2627;2026-10-25 14:00:00;2026-10-25 Manchester United-Bournemouth;Manchester United;Bournemouth;;;;
2627;2026-10-25 16:30:00;2026-10-25 Sunderland-Leeds;Sunderland;Leeds;;;;
2627;2026-10-31 15:00:00;2026-10-31 Bournemouth-Leeds;Bournemouth;Leeds;;;;
2627;2026-10-31 15:00:00;2026-10-31 Brentford-Nottingham Forest;Brentford;Nottingham Forest;;;;
2627;2026-10-31 12:30:00;2026-10-31 Chelsea-Manchester United;Chelsea;Manchester United;;;;
2627;2026-10-31 15:00:00;2026-10-31 Coventry-Sunderland;Coventry;Sunderland;;;;
2627;2026-10-31 15:00:00;2026-10-31 Hull-Ipswich;Hull;Ipswich;;;;
2627;2026-10-31 15:00:00;2026-10-31 Manchester City-Brighton;Manchester City;Brighton;;;;
2627;2026-10-31 17:30:00;2026-10-31 Tottenham-Crystal Palace;Tottenham;Crystal Palace;;;;
2627;2026-11-01 14:00:00;2026-11-01 Aston Villa-Fulham;Aston Villa;Fulham;;;;
2627;2026-11-01 16:30:00;2026-11-01 Liverpool-Arsenal;Liverpool;Arsenal;;;;
2627;2026-11-02 20:00:00;2026-11-02 Newcastle United-Everton;Newcastle United;Everton;;;;
2627;2026-11-07 15:00:00;2026-11-07 Arsenal-Hull;Arsenal;Hull;;;;
2627;2026-11-07 15:00:00;2026-11-07 Brighton-Brentford;Brighton;Brentford;;;;
2627;2026-11-07 15:00:00;2026-11-07 Crystal Palace-Liverpool;Crystal Palace;Liverpool;;;;
2627;2026-11-07 15:00:00;2026-11-07 Everton-Coventry;Everton;Coventry;;;;
2627;2026-11-07 15:00:00;2026-11-07 Fulham-Newcastle United;Fulham;Newcastle United;;;;
2627;2026-11-07 15:00:00;2026-11-07 Ipswich-Bournemouth;Ipswich;Bournemouth;;;;
2627;2026-11-07 15:00:00;2026-11-07 Leeds-Tottenham;Leeds;Tottenham;;;;
2627;2026-11-07 15:00:00;2026-11-07 Manchester United-Aston Villa;Manchester United;Aston Villa;;;;
2627;2026-11-07 15:00:00;2026-11-07 Nottingham Forest-Manchester City;Nottingham Forest;Manchester City;;;;
2627;2026-11-07 15:00:00;2026-11-07 Sunderland-Chelsea;Sunderland;Chelsea;;;;
2627;2026-11-21 15:00:00;2026-11-21 Aston Villa-Sunderland;Aston Villa;Sunderland;;;;
2627;2026-11-21 15:00:00;2026-11-21 Bournemouth-Nottingham Forest;Bournemouth;Nottingham Forest;;;;
2627;2026-11-21 15:00:00;2026-11-21 Brentford-Everton;Brentford;Everton;;;;
2627;2026-11-21 15:00:00;2026-11-21 Chelsea-Leeds;Chelsea;Leeds;;;;
2627;2026-11-21 15:00:00;2026-11-21 Coventry-Crystal Palace;Coventry;Crystal Palace;;;;
2627;2026-11-21 15:00:00;2026-11-21 Hull-Brighton;Hull;Brighton;;;;
2627;2026-11-21 15:00:00;2026-11-21 Liverpool-Manchester United;Liverpool;Manchester United;;;;
2627;2026-11-21 15:00:00;2026-11-21 Manchester City-Fulham;Manchester City;Fulham;;;;
2627;2026-11-21 15:00:00;2026-11-21 Newcastle United-Arsenal;Newcastle United;Arsenal;;;;
2627;2026-11-21 15:00:00;2026-11-21 Tottenham-Ipswich;Tottenham;Ipswich;;;;
2627;2026-11-28 15:00:00;2026-11-28 Arsenal-Manchester City;Arsenal;Manchester City;;;;
2627;2026-11-28 15:00:00;2026-11-28 Brighton-Newcastle United;Brighton;Newcastle United;;;;
2627;2026-11-28 15:00:00;2026-11-28 Crystal Palace-Hull;Crystal Palace;Hull;;;;
2627;2026-11-28 15:00:00;2026-11-28 Everton-Liverpool;Everton;Liverpool;;;;
2627;2026-11-28 15:00:00;2026-11-28 Fulham-Bournemouth;Fulham;Bournemouth;;;;
2627;2026-11-28 15:00:00;2026-11-28 Ipswich-Aston Villa;Ipswich;Aston Villa;;;;
2627;2026-11-28 15:00:00;2026-11-28 Leeds-Coventry;Leeds;Coventry;;;;
2627;2026-11-28 15:00:00;2026-11-28 Manchester United-Brentford;Manchester United;Brentford;;;;
2627;2026-11-28 15:00:00;2026-11-28 Nottingham Forest-Chelsea;Nottingham Forest;Chelsea;;;;
2627;2026-11-28 15:00:00;2026-11-28 Sunderland-Tottenham;Sunderland;Tottenham;;;;
2627;2026-12-02 20:00:00;2026-12-02 Aston Villa-Everton;Aston Villa;Everton;;;;
2627;2026-12-02 20:00:00;2026-12-02 Bournemouth-Brighton;Bournemouth;Brighton;;;;
2627;2026-12-02 20:00:00;2026-12-02 Brentford-Arsenal;Brentford;Arsenal;;;;
2627;2026-12-02 20:00:00;2026-12-02 Chelsea-Crystal Palace;Chelsea;Crystal Palace;;;;
2627;2026-12-02 20:00:00;2026-12-02 Coventry-Ipswich;Coventry;Ipswich;;;;
2627;2026-12-02 20:00:00;2026-12-02 Hull-Nottingham Forest;Hull;Nottingham Forest;;;;
2627;2026-12-02 20:00:00;2026-12-02 Liverpool-Sunderland;Liverpool;Sunderland;;;;
2627;2026-12-02 20:00:00;2026-12-02 Manchester City-Leeds;Manchester City;Leeds;;;;
2627;2026-12-02 20:00:00;2026-12-02 Newcastle United-Manchester United;Newcastle United;Manchester United;;;;
2627;2026-12-02 20:00:00;2026-12-02 Tottenham-Fulham;Tottenham;Fulham;;;;
2627;2026-12-05 15:00:00;2026-12-05 Aston Villa-Crystal Palace;Aston Villa;Crystal Palace;;;;
2627;2026-12-05 15:00:00;2026-12-05 Bournemouth-Hull;Bournemouth;Hull;;;;
2627;2026-12-05 15:00:00;2026-12-05 Brentford-Manchester City;Brentford;Manchester City;;;;
2627;2026-12-05 15:00:00;2026-12-05 Chelsea-Liverpool;Chelsea;Liverpool;;;;
2627;2026-12-05 15:00:00;2026-12-05 Everton-Fulham;Everton;Fulham;;;;
2627;2026-12-05 15:00:00;2026-12-05 Leeds-Ipswich;Leeds;Ipswich;;;;
2627;2026-12-05 15:00:00;2026-12-05 Manchester United-Coventry;Manchester United;Coventry;;;;
2627;2026-12-05 15:00:00;2026-12-05 Newcastle United-Sunderland;Newcastle United;Sunderland;;;;
2627;2026-12-05 15:00:00;2026-12-05 Nottingham Forest-Brighton;Nottingham Forest;Brighton;;;;
2627;2026-12-05 15:00:00;2026-12-05 Tottenham-Arsenal;Tottenham;Arsenal;;;;
2627;2026-12-12 15:00:00;2026-12-12 Arsenal-Bournemouth;Arsenal;Bournemouth;;;;
2627;2026-12-12 15:00:00;2026-12-12 Brighton-Everton;Brighton;Everton;;;;
2627;2026-12-12 15:00:00;2026-12-12 Coventry-Aston Villa;Coventry;Aston Villa;;;;
2627;2026-12-12 15:00:00;2026-12-12 Crystal Palace-Manchester United;Crystal Palace;Manchester United;;;;
2627;2026-12-12 15:00:00;2026-12-12 Fulham-Brentford;Fulham;Brentford;;;;
2627;2026-12-12 15:00:00;2026-12-12 Hull-Tottenham;Hull;Tottenham;;;;
2627;2026-12-12 15:00:00;2026-12-12 Ipswich-Newcastle United;Ipswich;Newcastle United;;;;
2627;2026-12-12 15:00:00;2026-12-12 Liverpool-Leeds;Liverpool;Leeds;;;;
2627;2026-12-12 15:00:00;2026-12-12 Manchester City-Chelsea;Manchester City;Chelsea;;;;
2627;2026-12-12 15:00:00;2026-12-12 Sunderland-Nottingham Forest;Sunderland;Nottingham Forest;;;;
2627;2026-12-19 15:00:00;2026-12-19 Arsenal-Manchester United;Arsenal;Manchester United;;;;
2627;2026-12-19 15:00:00;2026-12-19 Bournemouth-Coventry;Bournemouth;Coventry;;;;
2627;2026-12-19 15:00:00;2026-12-19 Brentford-Newcastle United;Brentford;Newcastle United;;;;
2627;2026-12-19 15:00:00;2026-12-19 Brighton-Ipswich;Brighton;Ipswich;;;;
2627;2026-12-19 15:00:00;2026-12-19 Chelsea-Aston Villa;Chelsea;Aston Villa;;;;
2627;2026-12-19 15:00:00;2026-12-19 Leeds-Fulham;Leeds;Fulham;;;;
2627;2026-12-19 15:00:00;2026-12-19 Liverpool-Tottenham;Liverpool;Tottenham;;;;
2627;2026-12-19 15:00:00;2026-12-19 Manchester City-Hull;Manchester City;Hull;;;;
2627;2026-12-19 15:00:00;2026-12-19 Nottingham Forest-Everton;Nottingham Forest;Everton;;;;
2627;2026-12-19 15:00:00;2026-12-19 Sunderland-Crystal Palace;Sunderland;Crystal Palace;;;;
2627;2026-12-26 15:00:00;2026-12-26 Aston Villa-Leeds;Aston Villa;Leeds;;;;
2627;2026-12-26 15:00:00;2026-12-26 Coventry-Chelsea;Coventry;Chelsea;;;;
2627;2026-12-26 15:00:00;2026-12-26 Crystal Palace-Arsenal;Crystal Palace;Arsenal;;;;
2627;2026-12-26 15:00:00;2026-12-26 Everton-Sunderland;Everton;Sunderland;;;;
2627;2026-12-26 15:00:00;2026-12-26 Fulham-Brighton;Fulham;Brighton;;;;
2627;2026-12-26 15:00:00;2026-12-26 Hull-Liverpool;Hull;Liverpool;;;;
2627;2026-12-26 15:00:00;2026-12-26 Ipswich-Brentford;Ipswich;Brentford;;;;
2627;2026-12-26 15:00:00;2026-12-26 Manchester United-Nottingham Forest;Manchester United;Nottingham Forest;;;;
2627;2026-12-26 15:00:00;2026-12-26 Newcastle United-Manchester City;Newcastle United;Manchester City;;;;
2627;2026-12-26 15:00:00;2026-12-26 Tottenham-Bournemouth;Tottenham;Bournemouth;;;;
2627;2026-12-30 20:00:00;2026-12-30 Aston Villa-Liverpool;Aston Villa;Liverpool;;;;
2627;2026-12-30 20:00:00;2026-12-30 Coventry-Brentford;Coventry;Brentford;;;;
2627;2026-12-30 20:00:00;2026-12-30 Crystal Palace-Bournemouth;Crystal Palace;Bournemouth;;;;
2627;2026-12-30 20:00:00;2026-12-30 Everton-Manchester City;Everton;Manchester City;;;;
2627;2026-12-30 20:00:00;2026-12-30 Fulham-Arsenal;Fulham;Arsenal;;;;
2627;2026-12-30 20:00:00;2026-12-30 Hull-Leeds;Hull;Leeds;;;;
2627;2026-12-30 20:00:00;2026-12-30 Ipswich-Chelsea;Ipswich;Chelsea;;;;
2627;2026-12-30 20:00:00;2026-12-30 Manchester United-Sunderland;Manchester United;Sunderland;;;;
2627;2026-12-30 20:00:00;2026-12-30 Newcastle United-Nottingham Forest;Newcastle United;Nottingham Forest;;;;
2627;2026-12-30 20:00:00;2026-12-30 Tottenham-Brighton;Tottenham;Brighton;;;;
2627;2027-01-02 15:00:00;2027-01-02 Arsenal-Ipswich;Arsenal;Ipswich;;;;
2627;2027-01-02 15:00:00;2027-01-02 Bournemouth-Aston Villa;Bournemouth;Aston Villa;;;;
2627;2027-01-02 15:00:00;2027-01-02 Brentford-Crystal Palace;Brentford;Crystal Palace;;;;
2627;2027-01-02 15:00:00;2027-01-02 Brighton-Manchester United;Brighton;Manchester United;;;;
2627;2027-01-02 15:00:00;2027-01-02 Chelsea-Newcastle United;Chelsea;Newcastle United;;;;
2627;2027-01-02 15:00:00;2027-01-02 Leeds-Everton;Leeds;Everton;;;;
2627;2027-01-02 15:00:00;2027-01-02 Liverpool-Coventry;Liverpool;Coventry;;;;
2627;2027-01-02 15:00:00;2027-01-02 Manchester City-Tottenham;Manchester City;Tottenham;;;;
2627;2027-01-02 15:00:00;2027-01-02 Nottingham Forest-Fulham;Nottingham Forest;Fulham;;;;
2627;2027-01-02 15:00:00;2027-01-02 Sunderland-Hull;Sunderland;Hull;;;;
2627;2027-01-06 20:00:00;2027-01-06 Arsenal-Brentford;Arsenal;Brentford;;;;
2627;2027-01-06 20:00:00;2027-01-06 Brighton-Bournemouth;Brighton;Bournemouth;;;;
2627;2027-01-06 20:00:00;2027-01-06 Crystal Palace-Chelsea;Crystal Palace;Chelsea;;;;
2627;2027-01-06 20:00:00;2027-01-06 Everton-Aston Villa;Everton;Aston Villa;;;;
2627;2027-01-06 20:00:00;2027-01-06 Fulham-Tottenham;Fulham;Tottenham;;;;
2627;2027-01-06 20:00:00;2027-01-06 Ipswich-Coventry;Ipswich;Coventry;;;;
2627;2027-01-06 20:00:00;2027-01-06 Leeds-Manchester City;Leeds;Manchester City;;;;
2627;2027-01-06 20:00:00;2027-01-06 Manchester United-Newcastle United;Manchester United;Newcastle United;;;;
2627;2027-01-06 20:00:00;2027-01-06 Nottingham Forest-Hull;Nottingham Forest;Hull;;;;
2627;2027-01-06 20:00:00;2027-01-06 Sunderland-Liverpool;Sunderland;Liverpool;;;;
2627;2027-01-16 15:00:00;2027-01-16 Aston Villa-Manchester United;Aston Villa;Manchester United;;;;
2627;2027-01-16 15:00:00;2027-01-16 Bournemouth-Ipswich;Bournemouth;Ipswich;;;;
2627;2027-01-16 15:00:00;2027-01-16 Brentford-Brighton;Brentford;Brighton;;;;
2627;2027-01-16 15:00:00;2027-01-16 Chelsea-Sunderland;Chelsea;Sunderland;;;;
2627;2027-01-16 15:00:00;2027-01-16 Coventry-Everton;Coventry;Everton;;;;
2627;2027-01-16 15:00:00;2027-01-16 Hull-Arsenal;Hull;Arsenal;;;;
2627;2027-01-16 15:00:00;2027-01-16 Liverpool-Crystal Palace;Liverpool;Crystal Palace;;;;
2627;2027-01-16 15:00:00;2027-01-16 Manchester City-Nottingham Forest;Manchester City;Nottingham Forest;;;;
2627;2027-01-16 15:00:00;2027-01-16 Newcastle United-Fulham;Newcastle United;Fulham;;;;
2627;2027-01-16 15:00:00;2027-01-16 Tottenham-Leeds;Tottenham;Leeds;;;;
2627;2027-01-23 15:00:00;2027-01-23 Arsenal-Newcastle United;Arsenal;Newcastle United;;;;
2627;2027-01-23 15:00:00;2027-01-23 Brighton-Manchester City;Brighton;Manchester City;;;;
2627;2027-01-23 15:00:00;2027-01-23 Crystal Palace-Tottenham;Crystal Palace;Tottenham;;;;
2627;2027-01-23 15:00:00;2027-01-23 Everton-Brentford;Everton;Brentford;;;;
2627;2027-01-23 15:00:00;2027-01-23 Fulham-Aston Villa;Fulham;Aston Villa;;;;
2627;2027-01-23 15:00:00;2027-01-23 Ipswich-Hull;Ipswich;Hull;;;;
2627;2027-01-23 15:00:00;2027-01-23 Leeds-Chelsea;Leeds;Chelsea;;;;
2627;2027-01-23 15:00:00;2027-01-23 Manchester United-Liverpool;Manchester United;Liverpool;;;;
2627;2027-01-23 15:00:00;2027-01-23 Nottingham Forest-Bournemouth;Nottingham Forest;Bournemouth;;;;
2627;2027-01-23 15:00:00;2027-01-23 Sunderland-Coventry;Sunderland;Coventry;;;;
2627;2027-01-30 15:00:00;2027-01-30 Aston Villa-Ipswich;Aston Villa;Ipswich;;;;
2627;2027-01-30 15:00:00;2027-01-30 Bournemouth-Fulham;Bournemouth;Fulham;;;;
2627;2027-01-30 15:00:00;2027-01-30 Brentford-Manchester United;Brentford;Manchester United;;;;
2627;2027-01-30 15:00:00;2027-01-30 Chelsea-Nottingham Forest;Chelsea;Nottingham Forest;;;;
2627;2027-01-30 15:00:00;2027-01-30 Coventry-Leeds;Coventry;Leeds;;;;
2627;2027-01-30 15:00:00;2027-01-30 Hull-Crystal Palace;Hull;Crystal Palace;;;;
2627;2027-01-30 15:00:00;2027-01-30 Liverpool-Everton;Liverpool;Everton;;;;
2627;2027-01-30 15:00:00;2027-01-30 Manchester City-Arsenal;Manchester City;Arsenal;;;;
2627;2027-01-30 15:00:00;2027-01-30 Newcastle United-Brighton;Newcastle United;Brighton;;;;
2627;2027-01-30 15:00:00;2027-01-30 Tottenham-Sunderland;Tottenham;Sunderland;;;;
2627;2027-02-06 15:00:00;2027-02-06 Arsenal-Liverpool;Arsenal;Liverpool;;;;
2627;2027-02-06 15:00:00;2027-02-06 Brighton-Hull;Brighton;Hull;;;;
2627;2027-02-06 15:00:00;2027-02-06 Crystal Palace-Coventry;Crystal Palace;Coventry;;;;
2627;2027-02-06 15:00:00;2027-02-06 Everton-Newcastle United;Everton;Newcastle United;;;;
2627;2027-02-06 15:00:00;2027-02-06 Fulham-Manchester City;Fulham;Manchester City;;;;
2627;2027-02-06 15:00:00;2027-02-06 Ipswich-Tottenham;Ipswich;Tottenham;;;;
2627;2027-02-06 15:00:00;2027-02-06 Leeds-Bournemouth;Leeds;Bournemouth;;;;
2627;2027-02-06 15:00:00;2027-02-06 Manchester United-Chelsea;Manchester United;Chelsea;;;;
2627;2027-02-06 15:00:00;2027-02-06 Nottingham Forest-Brentford;Nottingham Forest;Brentford;;;;
2627;2027-02-06 15:00:00;2027-02-06 Sunderland-Aston Villa;Sunderland;Aston Villa;;;;
2627;2027-02-10 20:00:00;2027-02-10 Aston Villa-Bournemouth;Aston Villa;Bournemouth;;;;
2627;2027-02-10 20:00:00;2027-02-10 Coventry-Liverpool;Coventry;Liverpool;;;;
2627;2027-02-10 20:00:00;2027-02-10 Crystal Palace-Brentford;Crystal Palace;Brentford;;;;
2627;2027-02-10 20:00:00;2027-02-10 Everton-Leeds;Everton;Leeds;;;;
2627;2027-02-10 20:00:00;2027-02-10 Fulham-Nottingham Forest;Fulham;Nottingham Forest;;;;
2627;2027-02-10 20:00:00;2027-02-10 Hull-Sunderland;Hull;Sunderland;;;;
2627;2027-02-10 20:00:00;2027-02-10 Ipswich-Arsenal;Ipswich;Arsenal;;;;
2627;2027-02-10 20:00:00;2027-02-10 Manchester United-Brighton;Manchester United;Brighton;;;;
2627;2027-02-10 20:00:00;2027-02-10 Newcastle United-Chelsea;Newcastle United;Chelsea;;;;
2627;2027-02-10 20:00:00;2027-02-10 Tottenham-Manchester City;Tottenham;Manchester City;;;;
2627;2027-02-20 15:00:00;2027-02-20 Arsenal-Fulham;Arsenal;Fulham;;;;
2627;2027-02-20 15:00:00;2027-02-20 Bournemouth-Crystal Palace;Bournemouth;Crystal Palace;;;;
2627;2027-02-20 15:00:00;2027-02-20 Brentford-Coventry;Brentford;Coventry;;;;
2627;2027-02-20 15:00:00;2027-02-20 Brighton-Tottenham;Brighton;Tottenham;;;;
2627;2027-02-20 15:00:00;2027-02-20 Chelsea-Ipswich;Chelsea;Ipswich;;;;
2627;2027-02-20 15:00:00;2027-02-20 Leeds-Aston Villa;Leeds;Aston Villa;;;;
2627;2027-02-20 15:00:00;2027-02-20 Liverpool-Hull;Liverpool;Hull;;;;
2627;2027-02-20 15:00:00;2027-02-20 Manchester City-Newcastle United;Manchester City;Newcastle United;;;;
2627;2027-02-20 15:00:00;2027-02-20 Nottingham Forest-Manchester United;Nottingham Forest;Manchester United;;;;
2627;2027-02-20 15:00:00;2027-02-20 Sunderland-Everton;Sunderland;Everton;;;;
2627;2027-02-27 15:00:00;2027-02-27 Aston Villa-Chelsea;Aston Villa;Chelsea;;;;
2627;2027-02-27 15:00:00;2027-02-27 Coventry-Bournemouth;Coventry;Bournemouth;;;;
2627;2027-02-27 15:00:00;2027-02-27 Crystal Palace-Sunderland;Crystal Palace;Sunderland;;;;
2627;2027-02-27 15:00:00;2027-02-27 Everton-Nottingham Forest;Everton;Nottingham Forest;;;;
2627;2027-02-27 15:00:00;2027-02-27 Fulham-Leeds;Fulham;Leeds;;;;
2627;2027-02-27 15:00:00;2027-02-27 Hull-Manchester City;Hull;Manchester City;;;;
2627;2027-02-27 15:00:00;2027-02-27 Ipswich-Brighton;Ipswich;Brighton;;;;
2627;2027-02-27 15:00:00;2027-02-27 Manchester United-Arsenal;Manchester United;Arsenal;;;;
2627;2027-02-27 15:00:00;2027-02-27 Newcastle United-Brentford;Newcastle United;Brentford;;;;
2627;2027-02-27 15:00:00;2027-02-27 Tottenham-Liverpool;Tottenham;Liverpool;;;;
2627;2027-03-03 20:00:00;2027-03-03 Arsenal-Crystal Palace;Arsenal;Crystal Palace;;;;
2627;2027-03-03 20:00:00;2027-03-03 Bournemouth-Tottenham;Bournemouth;Tottenham;;;;
2627;2027-03-03 20:00:00;2027-03-03 Brentford-Ipswich;Brentford;Ipswich;;;;
2627;2027-03-03 20:00:00;2027-03-03 Brighton-Fulham;Brighton;Fulham;;;;
2627;2027-03-03 20:00:00;2027-03-03 Chelsea-Coventry;Chelsea;Coventry;;;;
2627;2027-03-03 20:00:00;2027-03-03 Leeds-Hull;Leeds;Hull;;;;
2627;2027-03-03 20:00:00;2027-03-03 Liverpool-Aston Villa;Liverpool;Aston Villa;;;;
2627;2027-03-03 20:00:00;2027-03-03 Manchester City-Everton;Manchester City;Everton;;;;
2627;2027-03-03 20:00:00;2027-03-03 Nottingham Forest-Newcastle United;Nottingham Forest;Newcastle United;;;;
2627;2027-03-03 20:00:00;2027-03-03 Sunderland-Manchester United;Sunderland;Manchester United;;;;
2627;2027-03-13 15:00:00;2027-03-13 Aston Villa-Hull;Aston Villa;Hull;;;;
2627;2027-03-13 15:00:00;2027-03-13 Bournemouth-Newcastle United;Bournemouth;Newcastle United;;;;
2627;2027-03-13 15:00:00;2027-03-13 Chelsea-Arsenal;Chelsea;Arsenal;;;;
2627;2027-03-13 15:00:00;2027-03-13 Coventry-Manchester City;Coventry;Manchester City;;;;
2627;2027-03-13 15:00:00;2027-03-13 Crystal Palace-Fulham;Crystal Palace;Fulham;;;;
2627;2027-03-13 15:00:00;2027-03-13 Leeds-Brighton;Leeds;Brighton;;;;
2627;2027-03-13 15:00:00;2027-03-13 Liverpool-Ipswich;Liverpool;Ipswich;;;;
2627;2027-03-13 15:00:00;2027-03-13 Manchester United-Everton;Manchester United;Everton;;;;
2627;2027-03-13 15:00:00;2027-03-13 Sunderland-Brentford;Sunderland;Brentford;;;;
2627;2027-03-13 15:00:00;2027-03-13 Tottenham-Nottingham Forest;Tottenham;Nottingham Forest;;;;
2627;2027-03-20 15:00:00;2027-03-20 Arsenal-Sunderland;Arsenal;Sunderland;;;;
2627;2027-03-20 15:00:00;2027-03-20 Brentford-Bournemouth;Brentford;Bournemouth;;;;
2627;2027-03-20 15:00:00;2027-03-20 Brighton-Coventry;Brighton;Coventry;;;;
2627;2027-03-20 15:00:00;2027-03-20 Everton-Tottenham;Everton;Tottenham;;;;
2627;2027-03-20 15:00:00;2027-03-20 Fulham-Liverpool;Fulham;Liverpool;;;;
2627;2027-03-20 15:00:00;2027-03-20 Hull-Chelsea;Hull;Chelsea;;;;
2627;2027-03-20 15:00:00;2027-03-20 Ipswich-Crystal Palace;Ipswich;Crystal Palace;;;;
2627;2027-03-20 15:00:00;2027-03-20 Manchester City-Manchester United;Manchester City;Manchester United;;;;
2627;2027-03-20 15:00:00;2027-03-20 Newcastle United-Leeds;Newcastle United;Leeds;;;;
2627;2027-03-20 15:00:00;2027-03-20 Nottingham Forest-Aston Villa;Nottingham Forest;Aston Villa;;;;
2627;2027-04-10 14:00:00;2027-04-10 Aston Villa-Brighton;Aston Villa;Brighton;;;;
2627;2027-04-10 14:00:00;2027-04-10 Bournemouth-Manchester City;Bournemouth;Manchester City;;;;
2627;2027-04-10 14:00:00;2027-04-10 Chelsea-Fulham;Chelsea;Fulham;;;;
2627;2027-04-10 14:00:00;2027-04-10 Coventry-Arsenal;Coventry;Arsenal;;;;
2627;2027-04-10 14:00:00;2027-04-10 Crystal Palace-Everton;Crystal Palace;Everton;;;;
2627;2027-04-10 14:00:00;2027-04-10 Leeds-Nottingham Forest;Leeds;Nottingham Forest;;;;
2627;2027-04-10 14:00:00;2027-04-10 Liverpool-Newcastle United;Liverpool;Newcastle United;;;;
2627;2027-04-10 14:00:00;2027-04-10 Manchester United-Hull;Manchester United;Hull;;;;
2627;2027-04-10 14:00:00;2027-04-10 Sunderland-Ipswich;Sunderland;Ipswich;;;;
2627;2027-04-10 14:00:00;2027-04-10 Tottenham-Brentford;Tottenham;Brentford;;;;
2627;2027-04-17 14:00:00;2027-04-17 Arsenal-Aston Villa;Arsenal;Aston Villa;;;;
2627;2027-04-17 14:00:00;2027-04-17 Brentford-Leeds;Brentford;Leeds;;;;
2627;2027-04-17 14:00:00;2027-04-17 Brighton-Chelsea;Brighton;Chelsea;;;;
2627;2027-04-17 14:00:00;2027-04-17 Everton-Bournemouth;Everton;Bournemouth;;;;
2627;2027-04-17 14:00:00;2027-04-17 Fulham-Sunderland;Fulham;Sunderland;;;;
2627;2027-04-17 14:00:00;2027-04-17 Hull-Coventry;Hull;Coventry;;;;
2627;2027-04-17 14:00:00;2027-04-17 Ipswich-Manchester United;Ipswich;Manchester United;;;;
2627;2027-04-17 14:00:00;2027-04-17 Manchester City-Crystal Palace;Manchester City;Crystal Palace;;;;
2627;2027-04-17 14:00:00;2027-04-17 Newcastle United-Tottenham;Newcastle United;Tottenham;;;;
2627;2027-04-17 14:00:00;2027-04-17 Nottingham Forest-Liverpool;Nottingham Forest;Liverpool;;;;
2627;2027-04-24 14:00:00;2027-04-24 Aston Villa-Coventry;Aston Villa;Coventry;;;;
2627;2027-04-24 14:00:00;2027-04-24 Bournemouth-Arsenal;Bournemouth;Arsenal;;;;
2627;2027-04-24 14:00:00;2027-04-24 Brentford-Fulham;Brentford;Fulham;;;;
2627;2027-04-24 14:00:00;2027-04-24 Chelsea-Manchester City;Chelsea;Manchester City;;;;
2627;2027-04-24 14:00:00;2027-04-24 Everton-Brighton;Everton;Brighton;;;;
2627;2027-04-24 14:00:00;2027-04-24 Leeds-Liverpool;Leeds;Liverpool;;;;
2627;2027-04-24 14:00:00;2027-04-24 Manchester United-Crystal Palace;Manchester United;Crystal Palace;;;;
2627;2027-04-24 14:00:00;2027-04-24 Newcastle United-Ipswich;Newcastle United;Ipswich;;;;
2627;2027-04-24 14:00:00;2027-04-24 Nottingham Forest-Sunderland;Nottingham Forest;Sunderland;;;;
2627;2027-04-24 14:00:00;2027-04-24 Tottenham-Hull;Tottenham;Hull;;;;
2627;2027-05-01 14:00:00;2027-05-01 Arsenal-Tottenham;Arsenal;Tottenham;;;;
2627;2027-05-01 14:00:00;2027-05-01 Brighton-Nottingham Forest;Brighton;Nottingham Forest;;;;
2627;2027-05-01 14:00:00;2027-05-01 Coventry-Manchester United;Coventry;Manchester United;;;;
2627;2027-05-01 14:00:00;2027-05-01 Crystal Palace-Aston Villa;Crystal Palace;Aston Villa;;;;
2627;2027-05-01 14:00:00;2027-05-01 Fulham-Everton;Fulham;Everton;;;;
2627;2027-05-01 14:00:00;2027-05-01 Hull-Bournemouth;Hull;Bournemouth;;;;
2627;2027-05-01 14:00:00;2027-05-01 Ipswich-Leeds;Ipswich;Leeds;;;;
2627;2027-05-01 14:00:00;2027-05-01 Liverpool-Chelsea;Liverpool;Chelsea;;;;
2627;2027-05-01 14:00:00;2027-05-01 Manchester City-Brentford;Manchester City;Brentford;;;;
2627;2027-05-01 14:00:00;2027-05-01 Sunderland-Newcastle United;Sunderland;Newcastle United;;;;
2627;2027-05-08 14:00:00;2027-05-08 Bournemouth-Manchester United;Bournemouth;Manchester United;;;;
2627;2027-05-08 14:00:00;2027-05-08 Brentford-Aston Villa;Brentford;Aston Villa;;;;
2627;2027-05-08 14:00:00;2027-05-08 Brighton-Sunderland;Brighton;Sunderland;;;;
2627;2027-05-08 14:00:00;2027-05-08 Everton-Hull;Everton;Hull;;;;
2627;2027-05-08 14:00:00;2027-05-08 Fulham-Ipswich;Fulham;Ipswich;;;;
2627;2027-05-08 14:00:00;2027-05-08 Leeds-Arsenal;Leeds;Arsenal;;;;
2627;2027-05-08 14:00:00;2027-05-08 Manchester City-Liverpool;Manchester City;Liverpool;;;;
2627;2027-05-08 14:00:00;2027-05-08 Newcastle United-Coventry;Newcastle United;Coventry;;;;
2627;2027-05-08 14:00:00;2027-05-08 Nottingham Forest-Crystal Palace;Nottingham Forest;Crystal Palace;;;;
2627;2027-05-08 14:00:00;2027-05-08 Tottenham-Chelsea;Tottenham;Chelsea;;;;
2627;2027-05-15 14:00:00;2027-05-15 Arsenal-Nottingham Forest;Arsenal;Nottingham Forest;;;;
2627;2027-05-15 14:00:00;2027-05-15 Aston Villa-Newcastle United;Aston Villa;Newcastle United;;;;
2627;2027-05-15 14:00:00;2027-05-15 Chelsea-Everton;Chelsea;Everton;;;;
2627;2027-05-15 14:00:00;2027-05-15 Coventry-Tottenham;Coventry;Tottenham;;;;
2627;2027-05-15 14:00:00;2027-05-15 Crystal Palace-Brighton;Crystal Palace;Brighton;;;;
2627;2027-05-15 14:00:00;2027-05-15 Hull-Fulham;Hull;Fulham;;;;
2627;2027-05-15 14:00:00;2027-05-15 Ipswich-Manchester City;Ipswich;Manchester City;;;;
2627;2027-05-15 14:00:00;2027-05-15 Liverpool-Brentford;Liverpool;Brentford;;;;
2627;2027-05-15 14:00:00;2027-05-15 Manchester United-Leeds;Manchester United;Leeds;;;;
2627;2027-05-15 14:00:00;2027-05-15 Sunderland-Bournemouth;Sunderland;Bournemouth;;;;
2627;2027-05-23 14:00:00;2027-05-23 Bournemouth-Chelsea;Bournemouth;Chelsea;;;;
2627;2027-05-23 14:00:00;2027-05-23 Brentford-Hull;Brentford;Hull;;;;
2627;2027-05-23 14:00:00;2027-05-23 Brighton-Liverpool;Brighton;Liverpool;;;;
2627;2027-05-23 14:00:00;2027-05-23 Everton-Arsenal;Everton;Arsenal;;;;
2627;2027-05-23 14:00:00;2027-05-23 Fulham-Coventry;Fulham;Coventry;;;;
2627;2027-05-23 14:00:00;2027-05-23 Leeds-Sunderland;Leeds;Sunderland;;;;
2627;2027-05-23 14:00:00;2027-05-23 Manchester City-Aston Villa;Manchester City;Aston Villa;;;;
2627;2027-05-23 14:00:00;2027-05-23 Newcastle United-Crystal Palace;Newcastle United;Crystal Palace;;;;
2627;2027-05-23 14:00:00;2027-05-23 Nottingham Forest-Ipswich;Nottingham Forest;Ipswich;;;;
2627;2027-05-23 14:00:00;2027-05-23 Tottenham-Manchester United;Tottenham;Manchester United;;;;
2627;2027-05-30 15:00:00;2027-05-30 Arsenal-Brighton;Arsenal;Brighton;;;;
2627;2027-05-30 15:00:00;2027-05-30 Aston Villa-Tottenham;Aston Villa;Tottenham;;;;
2627;2027-05-30 15:00:00;2027-05-30 Chelsea-Brentford;Chelsea;Brentford;;;;
2627;2027-05-30 15:00:00;2027-05-30 Coventry-Nottingham Forest;Coventry;Nottingham Forest;;;;
2627;2027-05-30 15:00:00;2027-05-30 Crystal Palace-Leeds;Crystal Palace;Leeds;;;;
2627;2027-05-30 15:00:00;2027-05-30 Hull-Newcastle United;Hull;Newcastle United;;;;
2627;2027-05-30 15:00:00;2027-05-30 Ipswich-Everton;Ipswich;Everton;;;;
2627;2027-05-30 15:00:00;2027-05-30 Liverpool-Bournemouth;Liverpool;Bournemouth;;;;
2627;2027-05-30 15:00:00;2027-05-30 Manchester United-Fulham;Manchester United;Fulham;;;;
2627;2027-05-30 15:00:00;2027-05-30 Sunderland-Manchester City;Sunderland;Manchester City;;;;
2627;2026-08-28 18:30:00;2026-08-28 Bayern Munich-VfB Stuttgart;Bayern Munich;VfB Stuttgart;5;1;4.07897;1.24951
2627;2026-08-29 16:30:00;2026-08-29 Borussia Dortmund-Hamburger SV;Borussia Dortmund;Hamburger SV;2;0;1.31287;1.10643
2627;2026-08-29 13:30:00;2026-08-29 Elversberg-Bayer Leverkusen;Elversberg;Bayer Leverkusen;3;2;1.40032;2.61527
2627;2026-08-29 13:30:00;2026-08-29 FC Cologne-Hoffenheim;FC Cologne;Hoffenheim;3;2;2.31412;1.92317
2627;2026-08-29 13:30:00;2026-08-29 Mainz 05-Paderborn;Mainz 05;Paderborn;0;0;1.54945;0.691131
2627;2026-08-29 13:30:00;2026-08-29 RasenBallsport Leipzig-Borussia M.Gladbach;RasenBallsport Leipzig;Borussia M.Gladbach;3;0;3.76496;1.23375
2627;2026-08-29 13:30:00;2026-08-29 Union Berlin-Eintracht Frankfurt;Union Berlin;Eintracht Frankfurt;3;3;2.28332;2.1189
2627;2026-08-30 15:30:00;2026-08-30 Augsburg-Schalke 04;Augsburg;Schalke 04;3;0;5.53649;1.83691
2627;2026-08-30 13:30:00;2026-08-30 Freiburg-Werder Bremen;Freiburg;Werder Bremen;4;1;2.38503;0.948636
2627;2026-09-04 18:30:00;2026-09-04 VfB Stuttgart-FC Cologne;VfB Stuttgart;FC Cologne;4;1;3.5224;2.85818
2627;2026-09-05 13:30:00;2026-09-05 Bayer Leverkusen-Union Berlin;Bayer Leverkusen;Union Berlin;4;0;3.39215;0.249852
2627;2026-09-05 13:30:00;2026-09-05 Borussia M.Gladbach-Elversberg;Borussia M.Gladbach;Elversberg;3;4;2.88776;3.03199
2627;2026-09-05 13:30:00;2026-09-05 Hoffenheim-Borussia Dortmund;Hoffenheim;Borussia Dortmund;2;3;2.16627;2.02481
2627;2026-09-05 13:30:00;2026-09-05 Paderborn-Freiburg;Paderborn;Freiburg;0;1;0.733133;1.1716
2627;2026-09-05 16:30:00;2026-09-05 Schalke 04-Bayern Munich;Schalke 04;Bayern Munich;0;0;0.25073;2.0536
2627;2026-09-05 13:30:00;2026-09-05 Werder Bremen-RasenBallsport Leipzig;Werder Bremen;RasenBallsport Leipzig;3;1;0.854137;1.58161
2627;2026-09-06 15:30:00;2026-09-06 Eintracht Frankfurt-Augsburg;Eintracht Frankfurt;Augsburg;1;4;2.51037;1.44545
2627;2026-09-06 13:30:00;2026-09-06 Hamburger SV-Mainz 05;Hamburger SV;Mainz 05;0;5;0.257239;3.27983
2627;2026-09-11 18:30:00;2026-09-11 Union Berlin-Schalke 04;Union Berlin;Schalke 04;1;3;1.91756;3.21809
2627;2026-09-12 13:30:00;2026-09-12 Augsburg-Bayer Leverkusen;Augsburg;Bayer Leverkusen;2;2;0.842513;1.88606
2627;2026-09-12 13:30:00;2026-09-12 Borussia Dortmund-Paderborn;Borussia Dortmund;Paderborn;3;0;3.14526;0.311097
2627;2026-09-12 16:30:00;2026-09-12 FC Cologne-Werder Bremen;FC Cologne;Werder Bremen;1;1;1.61333;1.18178
2627;2026-09-12 13:30:00;2026-09-12 Freiburg-Borussia M.Gladbach;Freiburg;Borussia M.Gladbach;5;0;2.1488;0.268308
2627;2026-09-12 13:30:00;2026-09-12 Hoffenheim-VfB Stuttgart;Hoffenheim;VfB Stuttgart;2;1;2.95745;2.66977
2627;2026-09-12 13:30:00;2026-09-12 Mainz 05-Eintracht Frankfurt;Mainz 05;Eintracht Frankfurt;1;3;2.24195;2.15926
2627;2026-09-13 15:30:00;2026-09-13 Elversberg-Bayern Munich;Elversberg;Bayern Munich;1;2;1.02972;3.06035
2627;2026-09-13 13:30:00;2026-09-13 RasenBallsport Leipzig-Hamburger SV;RasenBallsport Leipzig;Hamburger SV;5;0;2.4682;0.508374
2627;2026-09-18 18:30:00;2026-09-18 Bayern Munich-Union Berlin;Bayern Munich;Union Berlin;7;0;4.1308;0.471553
2627;2026-09-19 13:30:00;2026-09-19 Borussia M.Gladbach-Mainz 05;Borussia M.Gladbach;Mainz 05;3;4;3.0902;3.46968
2627;2026-09-19 13:30:00;2026-09-19 Eintracht Frankfurt-Freiburg;Eintracht Frankfurt;Freiburg;2;2;2.08323;2.93158
2627;2026-09-19 13:30:00;2026-09-19 Hamburger SV-FC Cologne;Hamburger SV;FC Cologne;2;1;2.07655;2.15949
2627;2026-09-19 16:30:00;2026-09-19 VfB Stuttgart-Borussia Dortmund;VfB Stuttgart;Borussia Dortmund;0;1;0.666049;2.11223
2627;2026-09-19 13:30:00;2026-09-19 Werder Bremen-Augsburg;Werder Bremen;Augsburg;3;2;2.30122;0.742238
2627;2026-09-20 13:30:00;2026-09-20 Bayer Leverkusen-RasenBallsport Leipzig;Bayer Leverkusen;RasenBallsport Leipzig;2;0;2.54515;0.929998
2627;2026-09-20 17:30:00;2026-09-20 Paderborn-Hoffenheim;Paderborn;Hoffenheim;3;1;1.34065;1.67256
2627;2026-09-20 15:30:00;2026-09-20 Schalke 04-Elversberg;Schalke 04;Elversberg;0;0;1.26962;0.795372
2627;2026-10-10 13:30:00;2026-10-10 Augsburg-Bayern Munich;Augsburg;Bayern Munich;;;;
2627;2026-10-10 13:30:00;2026-10-10 Borussia Dortmund-Werder Bremen;Borussia Dortmund;Werder Bremen;;;;
2627;2026-10-10 13:30:00;2026-10-10 FC Cologne-Borussia M.Gladbach;FC Cologne;Borussia M.Gladbach;;;;
2627;2026-10-10 13:30:00;2026-10-10 Freiburg-Schalke 04;Freiburg;Schalke 04;;;;
2627;2026-10-10 13:30:00;2026-10-10 Hoffenheim-Hamburger SV;Hoffenheim;Hamburger SV;;;;
2627;2026-10-10 13:30:00;2026-10-10 Mainz 05-Bayer Leverkusen;Mainz 05;Bayer Leverkusen;;;;
2627;2026-10-10 13:30:00;2026-10-10 Paderborn-VfB Stuttgart;Paderborn;VfB Stuttgart;;;;
2627;2026-10-10 13:30:00;2026-10-10 RasenBallsport Leipzig-Eintracht Frankfurt;RasenBallsport Leipzig;Eintracht Frankfurt;;;;
2627;2026-10-10 13:30:00;2026-10-10 Union Berlin-Elversberg;Union Berlin;Elversberg;;;;
2627;2026-10-17 13:30:00;2026-10-17 Bayer Leverkusen-Freiburg;Bayer Leverkusen;Freiburg;;;;
2627;2026-10-17 13:30:00;2026-10-17 Bayern Munich-RasenBallsport Leipzig;Bayern Munich;RasenBallsport Leipzig;;;;
2627;2026-10-17 13:30:00;2026-10-17 Borussia M.Gladbach-Hoffenheim;Borussia M.Gladbach;Hoffenheim;;;;
2627;2026-10-17 13:30:00;2026-10-17 Eintracht Frankfurt-FC Cologne;Eintracht Frankfurt;FC Cologne;;;;
2627;2026-10-17 13:30:00;2026-10-17 Elversberg-Augsburg;Elversberg;Augsburg;;;;
2627;2026-10-17 13:30:00;2026-10-17 Hamburger SV-VfB Stuttgart;Hamburger SV;VfB Stuttgart;;;;
2627;2026-10-17 13:30:00;2026-10-17 Schalke 04-Mainz 05;Schalke 04;Mainz 05;;;;
2627;2026-10-17 13:30:00;2026-10-17 Union Berlin-Borussia Dortmund;Union Berlin;Borussia Dortmund;;;;
2627;2026-10-17 13:30:00;2026-10-17 Werder Bremen-Paderborn;Werder Bremen;Paderborn;;;;
2627;2026-10-24 13:30:00;2026-10-24 Augsburg-Union Berlin;Augsburg;Union Berlin;;;;
2627;2026-10-24 13:30:00;2026-10-24 Borussia Dortmund-Eintracht Frankfurt;Borussia Dortmund;Eintracht Frankfurt;;;;
2627;2026-10-24 13:30:00;2026-10-24 FC Cologne-Schalke 04;FC Cologne;Schalke 04;;;;
2627;2026-10-24 13:30:00;2026-10-24 Freiburg-Bayern Munich;Freiburg;Bayern Munich;;;;
2627;2026-10-24 13:30:00;2026-10-24 Hoffenheim-Bayer Leverkusen;Hoffenheim;Bayer Leverkusen;;;;
2627;2026-10-24 13:30:00;2026-10-24 Mainz 05-Werder Bremen;Mainz 05;Werder Bremen;;;;
2627;2026-10-24 13:30:00;2026-10-24 Paderborn-Hamburger SV;Paderborn;Hamburger SV;;;;
2627;2026-10-24 13:30:00;2026-10-24 RasenBallsport Leipzig-Elversberg;RasenBallsport Leipzig;Elversberg;;;;
2627;2026-10-24 13:30:00;2026-10-24 VfB Stuttgart-Borussia M.Gladbach;VfB Stuttgart;Borussia M.Gladbach;;;;
2627;2026-10-31 14:30:00;2026-10-31 Augsburg-Freiburg;Augsburg;Freiburg;;;;
2627;2026-10-31 14:30:00;2026-10-31 Bayer Leverkusen-VfB Stuttgart;Bayer Leverkusen;VfB Stuttgart;;;;
2627;2026-10-31 14:30:00;2026-10-31 Bayern Munich-Borussia Dortmund;Bayern Munich;Borussia Dortmund;;;;
2627;2026-10-31 14:30:00;2026-10-31 Borussia M.Gladbach-Paderborn;Borussia M.Gladbach;Paderborn;;;;
2627;2026-10-31 14:30:00;2026-10-31 Eintracht Frankfurt-Hamburger SV;Eintracht Frankfurt;Hamburger SV;;;;
2627;2026-10-31 14:30:00;2026-10-31 Elversberg-Mainz 05;Elversberg;Mainz 05;;;;
2627;2026-10-31 14:30:00;2026-10-31 Schalke 04-RasenBallsport Leipzig;Schalke 04;RasenBallsport Leipzig;;;;
2627;2026-10-31 14:30:00;2026-10-31 Union Berlin-FC Cologne;Union Berlin;FC Cologne;;;;
2627;2026-10-31 14:30:00;2026-10-31 Werder Bremen-Hoffenheim;Werder Bremen;Hoffenheim;;;;
2627;2026-11-07 14:30:00;2026-11-07 Borussia Dortmund-Elversberg;Borussia Dortmund;Elversberg;;;;
2627;2026-11-07 14:30:00;2026-11-07 FC Cologne-Bayer Leverkusen;FC Cologne;Bayer Leverkusen;;;;
2627;2026-11-07 14:30:00;2026-11-07 Freiburg-Union Berlin;Freiburg;Union Berlin;;;;
2627;2026-11-07 14:30:00;2026-11-07 Hamburger SV-Borussia M.Gladbach;Hamburger SV;Borussia M.Gladbach;;;;
2627;2026-11-07 14:30:00;2026-11-07 Hoffenheim-Schalke 04;Hoffenheim;Schalke 04;;;;
2627;2026-11-07 14:30:00;2026-11-07 Mainz 05-Bayern Munich;Mainz 05;Bayern Munich;;;;
2627;2026-11-07 14:30:00;2026-11-07 Paderborn-Eintracht Frankfurt;Paderborn;Eintracht Frankfurt;;;;
2627;2026-11-07 14:30:00;2026-11-07 RasenBallsport Leipzig-Augsburg;RasenBallsport Leipzig;Augsburg;;;;
2627;2026-11-07 14:30:00;2026-11-07 VfB Stuttgart-Werder Bremen;VfB Stuttgart;Werder Bremen;;;;
2627;2026-11-21 14:30:00;2026-11-21 Augsburg-Mainz 05;Augsburg;Mainz 05;;;;
2627;2026-11-21 14:30:00;2026-11-21 Bayer Leverkusen-Paderborn;Bayer Leverkusen;Paderborn;;;;
2627;2026-11-21 14:30:00;2026-11-21 Bayern Munich-FC Cologne;Bayern Munich;FC Cologne;;;;
2627;2026-11-21 14:30:00;2026-11-21 Borussia M.Gladbach-Borussia Dortmund;Borussia M.Gladbach;Borussia Dortmund;;;;
2627;2026-11-21 14:30:00;2026-11-21 Eintracht Frankfurt-Hoffenheim;Eintracht Frankfurt;Hoffenheim;;;;
2627;2026-11-21 14:30:00;2026-11-21 Elversberg-Freiburg;Elversberg;Freiburg;;;;
2627;2026-11-21 14:30:00;2026-11-21 Schalke 04-VfB Stuttgart;Schalke 04;VfB Stuttgart;;;;
2627;2026-11-21 14:30:00;2026-11-21 Union Berlin-RasenBallsport Leipzig;Union Berlin;RasenBallsport Leipzig;;;;
2627;2026-11-21 14:30:00;2026-11-21 Werder Bremen-Hamburger SV;Werder Bremen;Hamburger SV;;;;
2627;2026-11-28 14:30:00;2026-11-28 Borussia Dortmund-Bayer Leverkusen;Borussia Dortmund;Bayer Leverkusen;;;;
2627;2026-11-28 14:30:00;2026-11-28 FC Cologne-Elversberg;FC Cologne;Elversberg;;;;
2627;2026-11-28 14:30:00;2026-11-28 Freiburg-RasenBallsport Leipzig;Freiburg;RasenBallsport Leipzig;;;;
2627;2026-11-28 14:30:00;2026-11-28 Hamburger SV-Bayern Munich;Hamburger SV;Bayern Munich;;;;
2627;2026-11-28 14:30:00;2026-11-28 Hoffenheim-Augsburg;Hoffenheim;Augsburg;;;;
2627;2026-11-28 14:30:00;2026-11-28 Mainz 05-Union Berlin;Mainz 05;Union Berlin;;;;
2627;2026-11-28 14:30:00;2026-11-28 Paderborn-Schalke 04;Paderborn;Schalke 04;;;;
2627;2026-11-28 14:30:00;2026-11-28 VfB Stuttgart-Eintracht Frankfurt;VfB Stuttgart;Eintracht Frankfurt;;;;
2627;2026-11-28 14:30:00;2026-11-28 Werder Bremen-Borussia M.Gladbach;Werder Bremen;Borussia M.Gladbach;;;;
2627;2026-12-05 14:30:00;2026-12-05 Augsburg-FC Cologne;Augsburg;FC Cologne;;;;
2627;2026-12-05 14:30:00;2026-12-05 Bayer Leverkusen-Borussia M.Gladbach;Bayer Leverkusen;Borussia M.Gladbach;;;;
2627;2026-12-05 14:30:00;2026-12-05 Bayern Munich-Paderborn;Bayern Munich;Paderborn;;;;
2627;2026-12-05 14:30:00;2026-12-05 Eintracht Frankfurt-Werder Bremen;Eintracht Frankfurt;Werder Bremen;;;;
2627;2026-12-05 14:30:00;2026-12-05 Elversberg-VfB Stuttgart;Elversberg;VfB Stuttgart;;;;
2627;2026-12-05 14:30:00;2026-12-05 Freiburg-Hoffenheim;Freiburg;Hoffenheim;;;;
2627;2026-12-05 14:30:00;2026-12-05 RasenBallsport Leipzig-Mainz 05;RasenBallsport Leipzig;Mainz 05;;;;
2627;2026-12-05 14:30:00;2026-12-05 Schalke 04-Borussia Dortmund;Schalke 04;Borussia Dortmund;;;;
2627;2026-12-05 14:30:00;2026-12-05 Union Berlin-Hamburger SV;Union Berlin;Hamburger SV;;;;
2627;2026-12-12 14:30:00;2026-12-12 Borussia Dortmund-Augsburg;Borussia Dortmund;Augsburg;;;;
2627;2026-12-12 14:30:00;2026-12-12 Borussia M.Gladbach-Eintracht Frankfurt;Borussia M.Gladbach;Eintracht Frankfurt;;;;
2627;2026-12-12 14:30:00;2026-12-12 FC Cologne-RasenBallsport Leipzig;FC Cologne;RasenBallsport Leipzig;;;;
2627;2026-12-12 14:30:00;2026-12-12 Hamburger SV-Schalke 04;Hamburger SV;Schalke 04;;;;
2627;2026-12-12 14:30:00;2026-12-12 Hoffenheim-Bayern Munich;Hoffenheim;Bayern Munich;;;;
2627;2026-12-12 14:30:00;2026-12-12 Mainz 05-Freiburg;Mainz 05;Freiburg;;;;
2627;2026-12-12 14:30:00;2026-12-12 Paderborn-Elversberg;Paderborn;Elversberg;;;;
2627;2026-12-12 14:30:00;2026-12-12 VfB Stuttgart-Union Berlin;VfB Stuttgart;Union Berlin;;;;
2627;2026-12-12 14:30:00;2026-12-12 Werder Bremen-Bayer Leverkusen;Werder Bremen;Bayer Leverkusen;;;;
2627;2026-12-19 14:30:00;2026-12-19 Augsburg-Paderborn;Augsburg;Paderborn;;;;
2627;2026-12-19 14:30:00;2026-12-19 Bayer Leverkusen-Eintracht Frankfurt;Bayer Leverkusen;Eintracht Frankfurt;;;;
2627;2026-12-19 14:30:00;2026-12-19 Bayern Munich-Werder Bremen;Bayern Munich;Werder Bremen;;;;
2627;2026-12-19 14:30:00;2026-12-19 Elversberg-Hamburger SV;Elversberg;Hamburger SV;;;;
2627;2026-12-19 14:30:00;2026-12-19 Freiburg-VfB Stuttgart;Freiburg;VfB Stuttgart;;;;
2627;2026-12-19 14:30:00;2026-12-19 Mainz 05-FC Cologne;Mainz 05;FC Cologne;;;;
2627;2026-12-19 14:30:00;2026-12-19 RasenBallsport Leipzig-Borussia Dortmund;RasenBallsport Leipzig;Borussia Dortmund;;;;
2627;2026-12-19 14:30:00;2026-12-19 Schalke 04-Borussia M.Gladbach;Schalke 04;Borussia M.Gladbach;;;;
2627;2026-12-19 14:30:00;2026-12-19 Union Berlin-Hoffenheim;Union Berlin;Hoffenheim;;;;
2627;2027-01-09 14:30:00;2027-01-09 Borussia Dortmund-Mainz 05;Borussia Dortmund;Mainz 05;;;;
2627;2027-01-09 14:30:00;2027-01-09 Borussia M.Gladbach-Bayern Munich;Borussia M.Gladbach;Bayern Munich;;;;
2627;2027-01-09 14:30:00;2027-01-09 Eintracht Frankfurt-Schalke 04;Eintracht Frankfurt;Schalke 04;;;;
2627;2027-01-09 14:30:00;2027-01-09 FC Cologne-Freiburg;FC Cologne;Freiburg;;;;
2627;2027-01-09 14:30:00;2027-01-09 Hamburger SV-Bayer Leverkusen;Hamburger SV;Bayer Leverkusen;;;;
2627;2027-01-09 14:30:00;2027-01-09 Hoffenheim-Elversberg;Hoffenheim;Elversberg;;;;
2627;2027-01-09 14:30:00;2027-01-09 Paderborn-RasenBallsport Leipzig;Paderborn;RasenBallsport Leipzig;;;;
2627;2027-01-09 14:30:00;2027-01-09 VfB Stuttgart-Augsburg;VfB Stuttgart;Augsburg;;;;
2627;2027-01-09 14:30:00;2027-01-09 Werder Bremen-Union Berlin;Werder Bremen;Union Berlin;;;;
2627;2027-01-13 14:30:00;2027-01-13 Augsburg-Borussia M.Gladbach;Augsburg;Borussia M.Gladbach;;;;
2627;2027-01-13 14:30:00;2027-01-13 Bayern Munich-Bayer Leverkusen;Bayern Munich;Bayer Leverkusen;;;;
2627;2027-01-13 14:30:00;2027-01-13 Elversberg-Eintracht Frankfurt;Elversberg;Eintracht Frankfurt;;;;
2627;2027-01-13 14:30:00;2027-01-13 FC Cologne-Borussia Dortmund;FC Cologne;Borussia Dortmund;;;;
2627;2027-01-13 14:30:00;2027-01-13 Freiburg-Hamburger SV;Freiburg;Hamburger SV;;;;
2627;2027-01-13 14:30:00;2027-01-13 Mainz 05-Hoffenheim;Mainz 05;Hoffenheim;;;;
2627;2027-01-13 14:30:00;2027-01-13 RasenBallsport Leipzig-VfB Stuttgart;RasenBallsport Leipzig;VfB Stuttgart;;;;
2627;2027-01-13 14:30:00;2027-01-13 Schalke 04-Werder Bremen;Schalke 04;Werder Bremen;;;;
2627;2027-01-13 14:30:00;2027-01-13 Union Berlin-Paderborn;Union Berlin;Paderborn;;;;
2627;2027-01-16 14:30:00;2027-01-16 Bayer Leverkusen-Schalke 04;Bayer Leverkusen;Schalke 04;;;;
2627;2027-01-16 14:30:00;2027-01-16 Borussia Dortmund-Freiburg;Borussia Dortmund;Freiburg;;;;
2627;2027-01-16 14:30:00;2027-01-16 Borussia M.Gladbach-Union Berlin;Borussia M.Gladbach;Union Berlin;;;;
2627;2027-01-16 14:30:00;2027-01-16 Eintracht Frankfurt-Bayern Munich;Eintracht Frankfurt;Bayern Munich;;;;
2627;2027-01-16 14:30:00;2027-01-16 Hamburger SV-Augsburg;Hamburger SV;Augsburg;;;;
2627;2027-01-16 14:30:00;2027-01-16 Hoffenheim-RasenBallsport Leipzig;Hoffenheim;RasenBallsport Leipzig;;;;
2627;2027-01-16 14:30:00;2027-01-16 Paderborn-FC Cologne;Paderborn;FC Cologne;;;;
2627;2027-01-16 14:30:00;2027-01-16 VfB Stuttgart-Mainz 05;VfB Stuttgart;Mainz 05;;;;
2627;2027-01-16 14:30:00;2027-01-16 Werder Bremen-Elversberg;Werder Bremen;Elversberg;;;;
2627;2027-01-23 14:30:00;2027-01-23 Bayer Leverkusen-Elversberg;Bayer Leverkusen;Elversberg;;;;
2627;2027-01-23 14:30:00;2027-01-23 Borussia M.Gladbach-RasenBallsport Leipzig;Borussia M.Gladbach;RasenBallsport Leipzig;;;;
2627;2027-01-23 14:30:00;2027-01-23 Eintracht Frankfurt-Union Berlin;Eintracht Frankfurt;Union Berlin;;;;
2627;2027-01-23 14:30:00;2027-01-23 Hamburger SV-Borussia Dortmund;Hamburger SV;Borussia Dortmund;;;;
2627;2027-01-23 14:30:00;2027-01-23 Hoffenheim-FC Cologne;Hoffenheim;FC Cologne;;;;
2627;2027-01-23 14:30:00;2027-01-23 Paderborn-Mainz 05;Paderborn;Mainz 05;;;;
2627;2027-01-23 14:30:00;2027-01-23 Schalke 04-Augsburg;Schalke 04;Augsburg;;;;
2627;2027-01-23 14:30:00;2027-01-23 VfB Stuttgart-Bayern Munich;VfB Stuttgart;Bayern Munich;;;;
2627;2027-01-23 14:30:00;2027-01-23 Werder Bremen-Freiburg;Werder Bremen;Freiburg;;;;
2627;2027-01-30 14:30:00;2027-01-30 Augsburg-Eintracht Frankfurt;Augsburg;Eintracht Frankfurt;;;;
2627;2027-01-30 14:30:00;2027-01-30 Bayern Munich-Schalke 04;Bayern Munich;Schalke 04;;;;
2627;2027-01-30 14:30:00;2027-01-30 Borussia Dortmund-Hoffenheim;Borussia Dortmund;Hoffenheim;;;;
2627;2027-01-30 14:30:00;2027-01-30 Elversberg-Borussia M.Gladbach;Elversberg;Borussia M.Gladbach;;;;
2627;2027-01-30 14:30:00;2027-01-30 FC Cologne-VfB Stuttgart;FC Cologne;VfB Stuttgart;;;;
2627;2027-01-30 14:30:00;2027-01-30 Freiburg-Paderborn;Freiburg;Paderborn;;;;
2627;2027-01-30 14:30:00;2027-01-30 Mainz 05-Hamburger SV;Mainz 05;Hamburger SV;;;;
2627;2027-01-30 14:30:00;2027-01-30 RasenBallsport Leipzig-Werder Bremen;RasenBallsport Leipzig;Werder Bremen;;;;
2627;2027-01-30 14:30:00;2027-01-30 Union Berlin-Bayer Leverkusen;Union Berlin;Bayer Leverkusen;;;;
2627;2027-02-06 14:30:00;2027-02-06 Bayer Leverkusen-Augsburg;Bayer Leverkusen;Augsburg;;;;
2627;2027-02-06 14:30:00;2027-02-06 Bayern Munich-Elversberg;Bayern Munich;Elversberg;;;;
2627;2027-02-06 14:30:00;2027-02-06 Borussia M.Gladbach-Freiburg;Borussia M.Gladbach;Freiburg;;;;
2627;2027-02-06 14:30:00;2027-02-06 Eintracht Frankfurt-Mainz 05;Eintracht Frankfurt;Mainz 05;;;;
2627;2027-02-06 14:30:00;2027-02-06 Hamburger SV-RasenBallsport Leipzig;Hamburger SV;RasenBallsport Leipzig;;;;
2627;2027-02-06 14:30:00;2027-02-06 Paderborn-Borussia Dortmund;Paderborn;Borussia Dortmund;;;;
2627;2027-02-06 14:30:00;2027-02-06 Schalke 04-Union Berlin;Schalke 04;Union Berlin;;;;
2627;2027-02-06 14:30:00;2027-02-06 VfB Stuttgart-Hoffenheim;VfB Stuttgart;Hoffenheim;;;;
2627;2027-02-06 14:30:00;2027-02-06 Werder Bremen-FC Cologne;Werder Bremen;FC Cologne;;;;
2627;2027-02-13 14:30:00;2027-02-13 Augsburg-Werder Bremen;Augsburg;Werder Bremen;;;;
2627;2027-02-13 14:30:00;2027-02-13 Borussia Dortmund-VfB Stuttgart;Borussia Dortmund;VfB Stuttgart;;;;
2627;2027-02-13 14:30:00;2027-02-13 Elversberg-Schalke 04;Elversberg;Schalke 04;;;;
2627;2027-02-13 14:30:00;2027-02-13 FC Cologne-Hamburger SV;FC Cologne;Hamburger SV;;;;
2627;2027-02-13 14:30:00;2027-02-13 Freiburg-Eintracht Frankfurt;Freiburg;Eintracht Frankfurt;;;;
2627;2027-02-13 14:30:00;2027-02-13 Hoffenheim-Paderborn;Hoffenheim;Paderborn;;;;
2627;2027-02-13 14:30:00;2027-02-13 Mainz 05-Borussia M.Gladbach;Mainz 05;Borussia M.Gladbach;;;;
2627;2027-02-13 14:30:00;2027-02-13 RasenBallsport Leipzig-Bayer Leverkusen;RasenBallsport Leipzig;Bayer Leverkusen;;;;
2627;2027-02-13 14:30:00;2027-02-13 Union Berlin-Bayern Munich;Union Berlin;Bayern Munich;;;;
2627;2027-02-20 14:30:00;2027-02-20 Bayer Leverkusen-Mainz 05;Bayer Leverkusen;Mainz 05;;;;
2627;2027-02-20 14:30:00;2027-02-20 Bayern Munich-Augsburg;Bayern Munich;Augsburg;;;;
2627;2027-02-20 14:30:00;2027-02-20 Borussia M.Gladbach-FC Cologne;Borussia M.Gladbach;FC Cologne;;;;
2627;2027-02-20 14:30:00;2027-02-20 Eintracht Frankfurt-RasenBallsport Leipzig;Eintracht Frankfurt;RasenBallsport Leipzig;;;;
2627;2027-02-20 14:30:00;2027-02-20 Elversberg-Union Berlin;Elversberg;Union Berlin;;;;
2627;2027-02-20 14:30:00;2027-02-20 Hamburger SV-Hoffenheim;Hamburger SV;Hoffenheim;;;;
2627;2027-02-20 14:30:00;2027-02-20 Schalke 04-Freiburg;Schalke 04;Freiburg;;;;
2627;2027-02-20 14:30:00;2027-02-20 VfB Stuttgart-Paderborn;VfB Stuttgart;Paderborn;;;;
2627;2027-02-20 14:30:00;2027-02-20 Werder Bremen-Borussia Dortmund;Werder Bremen;Borussia Dortmund;;;;
2627;2027-02-27 14:30:00;2027-02-27 Augsburg-Elversberg;Augsburg;Elversberg;;;;
2627;2027-02-27 14:30:00;2027-02-27 Borussia Dortmund-Union Berlin;Borussia Dortmund;Union Berlin;;;;
2627;2027-02-27 14:30:00;2027-02-27 FC Cologne-Eintracht Frankfurt;FC Cologne;Eintracht Frankfurt;;;;
2627;2027-02-27 14:30:00;2027-02-27 Freiburg-Bayer Leverkusen;Freiburg;Bayer Leverkusen;;;;
2627;2027-02-27 14:30:00;2027-02-27 Hoffenheim-Borussia M.Gladbach;Hoffenheim;Borussia M.Gladbach;;;;
2627;2027-02-27 14:30:00;2027-02-27 Mainz 05-Schalke 04;Mainz 05;Schalke 04;;;;
2627;2027-02-27 14:30:00;2027-02-27 Paderborn-Werder Bremen;Paderborn;Werder Bremen;;;;
2627;2027-02-27 14:30:00;2027-02-27 RasenBallsport Leipzig-Bayern Munich;RasenBallsport Leipzig;Bayern Munich;;;;
2627;2027-02-27 14:30:00;2027-02-27 VfB Stuttgart-Hamburger SV;VfB Stuttgart;Hamburger SV;;;;
2627;2027-03-03 14:30:00;2027-03-03 Bayer Leverkusen-Hoffenheim;Bayer Leverkusen;Hoffenheim;;;;
2627;2027-03-03 14:30:00;2027-03-03 Bayern Munich-Freiburg;Bayern Munich;Freiburg;;;;
2627;2027-03-03 14:30:00;2027-03-03 Borussia M.Gladbach-VfB Stuttgart;Borussia M.Gladbach;VfB Stuttgart;;;;
2627;2027-03-03 14:30:00;2027-03-03 Eintracht Frankfurt-Borussia Dortmund;Eintracht Frankfurt;Borussia Dortmund;;;;
2627;2027-03-03 14:30:00;2027-03-03 Elversberg-RasenBallsport Leipzig;Elversberg;RasenBallsport Leipzig;;;;
2627;2027-03-03 14:30:00;2027-03-03 Hamburger SV-Paderborn;Hamburger SV;Paderborn;;;;
2627;2027-03-03 14:30:00;2027-03-03 Schalke 04-FC Cologne;Schalke 04;FC Cologne;;;;
2627;2027-03-03 14:30:00;2027-03-03 Union Berlin-Augsburg;Union Berlin;Augsburg;;;;
2627;2027-03-03 14:30:00;2027-03-03 Werder Bremen-Mainz 05;Werder Bremen;Mainz 05;;;;
2627;2027-03-06 14:30:00;2027-03-06 Borussia Dortmund-Bayern Munich;Borussia Dortmund;Bayern Munich;;;;
2627;2027-03-06 14:30:00;2027-03-06 FC Cologne-Union Berlin;FC Cologne;Union Berlin;;;;
2627;2027-03-06 14:30:00;2027-03-06 Freiburg-Augsburg;Freiburg;Augsburg;;;;
2627;2027-03-06 14:30:00;2027-03-06 Hamburger SV-Eintracht Frankfurt;Hamburger SV;Eintracht Frankfurt;;;;
2627;2027-03-06 14:30:00;2027-03-06 Hoffenheim-Werder Bremen;Hoffenheim;Werder Bremen;;;;
2627;2027-03-06 14:30:00;2027-03-06 Mainz 05-Elversberg;Mainz 05;Elversberg;;;;
2627;2027-03-06 14:30:00;2027-03-06 Paderborn-Borussia M.Gladbach;Paderborn;Borussia M.Gladbach;;;;
2627;2027-03-06 14:30:00;2027-03-06 RasenBallsport Leipzig-Schalke 04;RasenBallsport Leipzig;Schalke 04;;;;
2627;2027-03-06 14:30:00;2027-03-06 VfB Stuttgart-Bayer Leverkusen;VfB Stuttgart;Bayer Leverkusen;;;;
2627;2027-03-13 14:30:00;2027-03-13 Augsburg-RasenBallsport Leipzig;Augsburg;RasenBallsport Leipzig;;;;
2627;2027-03-13 14:30:00;2027-03-13 Bayer Leverkusen-FC Cologne;Bayer Leverkusen;FC Cologne;;;;
2627;2027-03-13 14:30:00;2027-03-13 Bayern Munich-Mainz 05;Bayern Munich;Mainz 05;;;;
2627;2027-03-13 14:30:00;2027-03-13 Borussia M.Gladbach-Hamburger SV;Borussia M.Gladbach;Hamburger SV;;;;
2627;2027-03-13 14:30:00;2027-03-13 Eintracht Frankfurt-Paderborn;Eintracht Frankfurt;Paderborn;;;;
2627;2027-03-13 14:30:00;2027-03-13 Elversberg-Borussia Dortmund;Elversberg;Borussia Dortmund;;;;
2627;2027-03-13 14:30:00;2027-03-13 Schalke 04-Hoffenheim;Schalke 04;Hoffenheim;;;;
2627;2027-03-13 14:30:00;2027-03-13 Union Berlin-Freiburg;Union Berlin;Freiburg;;;;
2627;2027-03-13 14:30:00;2027-03-13 Werder Bremen-VfB Stuttgart;Werder Bremen;VfB Stuttgart;;;;
2627;2027-03-20 14:30:00;2027-03-20 Borussia Dortmund-Borussia M.Gladbach;Borussia Dortmund;Borussia M.Gladbach;;;;
2627;2027-03-20 14:30:00;2027-03-20 FC Cologne-Bayern Munich;FC Cologne;Bayern Munich;;;;
2627;2027-03-20 14:30:00;2027-03-20 Freiburg-Elversberg;Freiburg;Elversberg;;;;
2627;2027-03-20 14:30:00;2027-03-20 Hamburger SV-Werder Bremen;Hamburger SV;Werder Bremen;;;;
2627;2027-03-20 14:30:00;2027-03-20 Hoffenheim-Eintracht Frankfurt;Hoffenheim;Eintracht Frankfurt;;;;
2627;2027-03-20 14:30:00;2027-03-20 Mainz 05-Augsburg;Mainz 05;Augsburg;;;;
2627;2027-03-20 14:30:00;2027-03-20 Paderborn-Bayer Leverkusen;Paderborn;Bayer Leverkusen;;;;
2627;2027-03-20 14:30:00;2027-03-20 RasenBallsport Leipzig-Union Berlin;RasenBallsport Leipzig;Union Berlin;;;;
2627;2027-03-20 14:30:00;2027-03-20 VfB Stuttgart-Schalke 04;VfB Stuttgart;Schalke 04;;;;
2627;2027-04-03 13:30:00;2027-04-03 Augsburg-Hoffenheim;Augsburg;Hoffenheim;;;;
2627;2027-04-03 13:30:00;2027-04-03 Bayer Leverkusen-Borussia Dortmund;Bayer Leverkusen;Borussia Dortmund;;;;
2627;2027-04-03 13:30:00;2027-04-03 Bayern Munich-Hamburger SV;Bayern Munich;Hamburger SV;;;;
2627;2027-04-03 13:30:00;2027-04-03 Borussia M.Gladbach-Werder Bremen;Borussia M.Gladbach;Werder Bremen;;;;
2627;2027-04-03 13:30:00;2027-04-03 Eintracht Frankfurt-VfB Stuttgart;Eintracht Frankfurt;VfB Stuttgart;;;;
2627;2027-04-03 13:30:00;2027-04-03 Elversberg-FC Cologne;Elversberg;FC Cologne;;;;
2627;2027-04-03 13:30:00;2027-04-03 RasenBallsport Leipzig-Freiburg;RasenBallsport Leipzig;Freiburg;;;;
2627;2027-04-03 13:30:00;2027-04-03 Schalke 04-Paderborn;Schalke 04;Paderborn;;;;
2627;2027-04-03 13:30:00;2027-04-03 Union Berlin-Mainz 05;Union Berlin;Mainz 05;;;;
2627;2027-04-10 13:30:00;2027-04-10 Borussia Dortmund-Schalke 04;Borussia Dortmund;Schalke 04;;;;
2627;2027-04-10 13:30:00;2027-04-10 Borussia M.Gladbach-Bayer Leverkusen;Borussia M.Gladbach;Bayer Leverkusen;;;;
2627;2027-04-10 13:30:00;2027-04-10 FC Cologne-Augsburg;FC Cologne;Augsburg;;;;
2627;2027-04-10 13:30:00;2027-04-10 Hamburger SV-Union Berlin;Hamburger SV;Union Berlin;;;;
2627;2027-04-10 13:30:00;2027-04-10 Hoffenheim-Freiburg;Hoffenheim;Freiburg;;;;
2627;2027-04-10 13:30:00;2027-04-10 Mainz 05-RasenBallsport Leipzig;Mainz 05;RasenBallsport Leipzig;;;;
2627;2027-04-10 13:30:00;2027-04-10 Paderborn-Bayern Munich;Paderborn;Bayern Munich;;;;
2627;2027-04-10 13:30:00;2027-04-10 VfB Stuttgart-Elversberg;VfB Stuttgart;Elversberg;;;;
2627;2027-04-10 13:30:00;2027-04-10 Werder Bremen-Eintracht Frankfurt;Werder Bremen;Eintracht Frankfurt;;;;
2627;2027-04-17 13:30:00;2027-04-17 Augsburg-Borussia Dortmund;Augsburg;Borussia Dortmund;;;;
2627;2027-04-17 13:30:00;2027-04-17 Bayer Leverkusen-Werder Bremen;Bayer Leverkusen;Werder Bremen;;;;
2627;2027-04-17 13:30:00;2027-04-17 Bayern Munich-Hoffenheim;Bayern Munich;Hoffenheim;;;;
2627;2027-04-17 13:30:00;2027-04-17 Eintracht Frankfurt-Borussia M.Gladbach;Eintracht Frankfurt;Borussia M.Gladbach;;;;
2627;2027-04-17 13:30:00;2027-04-17 Elversberg-Paderborn;Elversberg;Paderborn;;;;
2627;2027-04-17 13:30:00;2027-04-17 Freiburg-Mainz 05;Freiburg;Mainz 05;;;;
2627;2027-04-17 13:30:00;2027-04-17 RasenBallsport Leipzig-FC Cologne;RasenBallsport Leipzig;FC Cologne;;;;
2627;2027-04-17 13:30:00;2027-04-17 Schalke 04-Hamburger SV;Schalke 04;Hamburger SV;;;;
2627;2027-04-17 13:30:00;2027-04-17 Union Berlin-VfB Stuttgart;Union Berlin;VfB Stuttgart;;;;
2627;2027-04-24 13:30:00;2027-04-24 Borussia Dortmund-RasenBallsport Leipzig;Borussia Dortmund;RasenBallsport Leipzig;;;;
2627;2027-04-24 13:30:00;2027-04-24 Borussia M.Gladbach-Schalke 04;Borussia M.Gladbach;Schalke 04;;;;
2627;2027-04-24 13:30:00;2027-04-24 Eintracht Frankfurt-Bayer Leverkusen;Eintracht Frankfurt;Bayer Leverkusen;;;;
2627;2027-04-24 13:30:00;2027-04-24 FC Cologne-Mainz 05;FC Cologne;Mainz 05;;;;
2627;2027-04-24 13:30:00;2027-04-24 Hamburger SV-Elversberg;Hamburger SV;Elversberg;;;;
2627;2027-04-24 13:30:00;2027-04-24 Hoffenheim-Union Berlin;Hoffenheim;Union Berlin;;;;
2627;2027-04-24 13:30:00;2027-04-24 Paderborn-Augsburg;Paderborn;Augsburg;;;;
2627;2027-04-24 13:30:00;2027-04-24 VfB Stuttgart-Freiburg;VfB Stuttgart;Freiburg;;;;
2627;2027-04-24 13:30:00;2027-04-24 Werder Bremen-Bayern Munich;Werder Bremen;Bayern Munich;;;;
2627;2027-05-08 13:30:00;2027-05-08 Augsburg-VfB Stuttgart;Augsburg;VfB Stuttgart;;;;
2627;2027-05-08 13:30:00;2027-05-08 Bayer Leverkusen-Hamburger SV;Bayer Leverkusen;Hamburger SV;;;;
2627;2027-05-08 13:30:00;2027-05-08 Bayern Munich-Borussia M.Gladbach;Bayern Munich;Borussia M.Gladbach;;;;
2627;2027-05-08 13:30:00;2027-05-08 Elversberg-Hoffenheim;Elversberg;Hoffenheim;;;;
2627;2027-05-08 13:30:00;2027-05-08 Freiburg-FC Cologne;Freiburg;FC Cologne;;;;
2627;2027-05-08 13:30:00;2027-05-08 Mainz 05-Borussia Dortmund;Mainz 05;Borussia Dortmund;;;;
2627;2027-05-08 13:30:00;2027-05-08 RasenBallsport Leipzig-Paderborn;RasenBallsport Leipzig;Paderborn;;;;
2627;2027-05-08 13:30:00;2027-05-08 Schalke 04-Eintracht Frankfurt;Schalke 04;Eintracht Frankfurt;;;;
2627;2027-05-08 13:30:00;2027-05-08 Union Berlin-Werder Bremen;Union Berlin;Werder Bremen;;;;
2627;2027-05-15 13:30:00;2027-05-15 Bayer Leverkusen-Bayern Munich;Bayer Leverkusen;Bayern Munich;;;;
2627;2027-05-15 13:30:00;2027-05-15 Borussia Dortmund-FC Cologne;Borussia Dortmund;FC Cologne;;;;
2627;2027-05-15 13:30:00;2027-05-15 Borussia M.Gladbach-Augsburg;Borussia M.Gladbach;Augsburg;;;;
2627;2027-05-15 13:30:00;2027-05-15 Eintracht Frankfurt-Elversberg;Eintracht Frankfurt;Elversberg;;;;
2627;2027-05-15 13:30:00;2027-05-15 Hamburger SV-Freiburg;Hamburger SV;Freiburg;;;;
2627;2027-05-15 13:30:00;2027-05-15 Hoffenheim-Mainz 05;Hoffenheim;Mainz 05;;;;
2627;2027-05-15 13:30:00;2027-05-15 Paderborn-Union Berlin;Paderborn;Union Berlin;;;;
2627;2027-05-15 13:30:00;2027-05-15 VfB Stuttgart-RasenBallsport Leipzig;VfB Stuttgart;RasenBallsport Leipzig;;;;
2627;2027-05-15 13:30:00;2027-05-15 Werder Bremen-Schalke 04;Werder Bremen;Schalke 04;;;;
2627;2027-05-22 13:30:00;2027-05-22 Augsburg-Hamburger SV;Augsburg;Hamburger SV;;;;
2627;2027-05-22 13:30:00;2027-05-22 Bayern Munich-Eintracht Frankfurt;Bayern Munich;Eintracht Frankfurt;;;;
2627;2027-05-22 13:30:00;2027-05-22 Elversberg-Werder Bremen;Elversberg;Werder Bremen;;;;
2627;2027-05-22 13:30:00;2027-05-22 FC Cologne-Paderborn;FC Cologne;Paderborn;;;;
2627;2027-05-22 13:30:00;2027-05-22 Freiburg-Borussia Dortmund;Freiburg;Borussia Dortmund;;;;
2627;2027-05-22 13:30:00;2027-05-22 Mainz 05-VfB Stuttgart;Mainz 05;VfB Stuttgart;;;;
2627;2027-05-22 13:30:00;2027-05-22 RasenBallsport Leipzig-Hoffenheim;RasenBallsport Leipzig;Hoffenheim;;;;
2627;2027-05-22 13:30:00;2027-05-22 Schalke 04-Bayer Leverkusen;Schalke 04;Bayer Leverkusen;;;;
2627;2027-05-22 13:30:00;2027-05-22 Union Berlin-Borussia M.Gladbach;Union Berlin;Borussia M.Gladbach;;;;
2627;2026-08-21 18:45:00;2026-08-21 Marseille-Strasbourg;Marseille;Strasbourg;4;0;2.35215;0.192997
2627;2026-08-22 18:45:00;2026-08-22 Le Mans-Brest;Le Mans;Brest;2;2;0.768246;2.62744
2627;2026-08-22 15:15:00;2026-08-22 Lens-Auxerre;Lens;Auxerre;5;2;5.11771;1.70602
2627;2026-08-22 18:45:00;2026-08-22 Nice-Lorient;Nice;Lorient;0;0;1.08878;1.98004
2627;2026-08-22 18:45:00;2026-08-22 Toulouse-Lyon;Toulouse;Lyon;0;2;2.15622;0.757819
2627;2026-08-22 18:45:00;2026-08-22 Troyes-Paris FC;Troyes;Paris FC;0;0;0.339728;1.5465
2627;2026-08-23 13:00:00;2026-08-23 Angers-Lille;Angers;Lille;0;2;1.85763;1.21456
2627;2026-08-23 15:15:00;2026-08-23 Le Havre-Monaco;Le Havre;Monaco;0;1;0.662278;1.65557
2627;2026-08-23 18:45:00;2026-08-23 Paris Saint Germain-Rennes;Paris Saint Germain;Rennes;0;0;0.63016;0.910543
2627;2026-08-28 18:45:00;2026-08-28 Lille-Paris Saint Germain;Lille;Paris Saint Germain;2;2;1.16266;1.78135
2627;2026-08-29 18:45:00;2026-08-29 Auxerre-Angers;Auxerre;Angers;1;3;1.76507;1.77769
2627;2026-08-29 18:45:00;2026-08-29 Brest-Toulouse;Brest;Toulouse;2;2;3.6482;1.30883
2627;2026-08-29 18:45:00;2026-08-29 Lorient-Troyes;Lorient;Troyes;1;2;1.02163;1.68146
2627;2026-08-29 18:45:00;2026-08-29 Lyon-Le Havre;Lyon;Le Havre;1;1;2.30929;1.10399
2627;2026-08-29 15:15:00;2026-08-29 Strasbourg-Lens;Strasbourg;Lens;2;1;1.85921;2.95021
2627;2026-08-30 18:45:00;2026-08-30 Monaco-Marseille;Monaco;Marseille;2;0;1.60964;1.25309
2627;2026-08-30 13:00:00;2026-08-30 Paris FC-Nice;Paris FC;Nice;3;0;3.01882;0.589554
2627;2026-08-30 15:15:00;2026-08-30 Rennes-Le Mans;Rennes;Le Mans;3;2;3.64052;2.72393
2627;2026-09-03 18:45:00;2026-09-03 Toulouse-Lille;Toulouse;Lille;0;1;2.97022;1.04406
2627;2026-09-04 17:00:00;2026-09-04 Lyon-Auxerre;Lyon;Auxerre;3;1;2.88188;0.907856
2627;2026-09-04 19:05:00;2026-09-04 Paris Saint Germain-Monaco;Paris Saint Germain;Monaco;1;2;2.52357;0.601454
2627;2026-09-05 18:45:00;2026-09-05 Le Havre-Brest;Le Havre;Brest;1;2;1.61083;3.01175
2627;2026-09-05 15:15:00;2026-09-05 Lens-Lorient;Lens;Lorient;0;1;1.10048;1.03397
2627;2026-09-05 18:45:00;2026-09-05 Nice-Le Mans;Nice;Le Mans;1;1;1.2469;1.17845
2627;2026-09-06 15:15:00;2026-09-06 Angers-Rennes;Angers;Rennes;1;2;1.86719;2.37195
2627;2026-09-06 18:45:00;2026-09-06 Marseille-Paris FC;Marseille;Paris FC;2;3;1.72315;3.37808
2627;2026-09-06 13:00:00;2026-09-06 Troyes-Strasbourg;Troyes;Strasbourg;2;6;2.64731;3.51582
2627;2026-09-11 18:45:00;2026-09-11 Rennes-Marseille;Rennes;Marseille;1;0;2.31897;1.30655
2627;2026-09-12 18:45:00;2026-09-12 Auxerre-Nice;Auxerre;Nice;1;0;1.69749;0.60178
2627;2026-09-12 18:45:00;2026-09-12 Le Havre-Angers;Le Havre;Angers;0;0;1.02624;0.481433
2627;2026-09-12 18:45:00;2026-09-12 Lorient-Toulouse;Lorient;Toulouse;2;2;0.689314;1.3359
2627;2026-09-12 18:45:00;2026-09-12 Paris FC-Lyon;Paris FC;Lyon;0;0;0.576571;0.402849
2627;2026-09-12 15:15:00;2026-09-12 Strasbourg-Monaco;Strasbourg;Monaco;1;1;0.674791;0.766591
2627;2026-09-13 18:45:00;2026-09-13 Brest-Paris Saint Germain;Brest;Paris Saint Germain;0;1;1.24238;1.33411
2627;2026-09-13 15:15:00;2026-09-13 Le Mans-Lens;Le Mans;Lens;2;2;2.15559;1.87551
2627;2026-09-13 13:00:00;2026-09-13 Lille-Troyes;Lille;Troyes;2;0;2.05206;0.352733
2627;2026-09-18 18:45:00;2026-09-18 Monaco-Lens;Monaco;Lens;2;1;1.53599;1.46144
2627;2026-09-19 18:45:00;2026-09-19 Angers-Troyes;Angers;Troyes;2;0;2.38813;1.16391
2627;2026-09-19 18:45:00;2026-09-19 Le Mans-Lorient;Le Mans;Lorient;2;1;0.959241;1.07323
2627;2026-09-19 18:45:00;2026-09-19 Lyon-Rennes;Lyon;Rennes;4;0;3.60496;1.15783
2627;2026-09-19 15:15:00;2026-09-19 Paris FC-Strasbourg;Paris FC;Strasbourg;2;1;0.907233;0.230224
2627;2026-09-19 18:45:00;2026-09-19 Toulouse-Le Havre;Toulouse;Le Havre;3;2;2.82989;2.15515
2627;2026-09-20 13:00:00;2026-09-20 Auxerre-Brest;Auxerre;Brest;2;1;0.769606;0.304072
2627;2026-09-20 18:45:00;2026-09-20 Marseille-Paris Saint Germain;Marseille;Paris Saint Germain;1;2;1.86575;4.67277
2627;2026-09-20 15:15:00;2026-09-20 Nice-Lille;Nice;Lille;2;1;1.93232;1.93315
2627;2026-10-10 13:00:00;2026-10-10 Brest-Angers;Brest;Angers;;;;
2627;2026-10-10 13:00:00;2026-10-10 Lens-Lyon;Lens;Lyon;;;;
2627;2026-10-10 13:00:00;2026-10-10 Lille-Le Havre;Lille;Le Havre;;;;
2627;2026-10-10 13:00:00;2026-10-10 Lorient-Paris FC;Lorient;Paris FC;;;;
2627;2026-10-10 13:00:00;2026-10-10 Monaco-Toulouse;Monaco;Toulouse;;;;
2627;2026-10-10 13:00:00;2026-10-10 Nice-Strasbourg;Nice;Strasbourg;;;;
2627;2026-10-10 13:00:00;2026-10-10 Paris Saint Germain-Le Mans;Paris Saint Germain;Le Mans;;;;
2627;2026-10-10 13:00:00;2026-10-10 Rennes-Auxerre;Rennes;Auxerre;;;;
2627;2026-10-10 13:00:00;2026-10-10 Troyes-Marseille;Troyes;Marseille;;;;
2627;2026-10-17 13:00:00;2026-10-17 Angers-Marseille;Angers;Marseille;;;;
2627;2026-10-17 13:00:00;2026-10-17 Le Havre-Auxerre;Le Havre;Auxerre;;;;
2627;2026-10-17 13:00:00;2026-10-17 Le Mans-Toulouse;Le Mans;Toulouse;;;;
2627;2026-10-17 13:00:00;2026-10-17 Lille-Brest;Lille;Brest;;;;
2627;2026-10-17 13:00:00;2026-10-17 Lorient-Monaco;Lorient;Monaco;;;;
2627;2026-10-17 13:00:00;2026-10-17 Lyon-Nice;Lyon;Nice;;;;
2627;2026-10-17 13:00:00;2026-10-17 Paris FC-Rennes;Paris FC;Rennes;;;;
2627;2026-10-17 13:00:00;2026-10-17 Strasbourg-Paris Saint Germain;Strasbourg;Paris Saint Germain;;;;
2627;2026-10-17 13:00:00;2026-10-17 Troyes-Lens;Troyes;Lens;;;;
2627;2026-10-24 13:00:00;2026-10-24 Angers-Lorient;Angers;Lorient;;;;
2627;2026-10-24 13:00:00;2026-10-24 Auxerre-Le Mans;Auxerre;Le Mans;;;;
2627;2026-10-24 13:00:00;2026-10-24 Brest-Nice;Brest;Nice;;;;
2627;2026-10-24 13:00:00;2026-10-24 Lens-Paris FC;Lens;Paris FC;;;;
2627;2026-10-24 13:00:00;2026-10-24 Marseille-Le Havre;Marseille;Le Havre;;;;
2627;2026-10-24 13:00:00;2026-10-24 Monaco-Lille;Monaco;Lille;;;;
2627;2026-10-24 13:00:00;2026-10-24 Rennes-Strasbourg;Rennes;Strasbourg;;;;
2627;2026-10-24 13:00:00;2026-10-24 Toulouse-Troyes;Toulouse;Troyes;;;;
2627;2026-10-25 19:45:00;2026-10-25 Paris Saint Germain-Lyon;Paris Saint Germain;Lyon;;;;
2627;2026-10-31 14:00:00;2026-10-31 Le Havre-Paris Saint Germain;Le Havre;Paris Saint Germain;;;;
2627;2026-10-31 14:00:00;2026-10-31 Lille-Lens;Lille;Lens;;;;
2627;2026-10-31 14:00:00;2026-10-31 Lorient-Brest;Lorient;Brest;;;;
2627;2026-10-31 14:00:00;2026-10-31 Lyon-Angers;Lyon;Angers;;;;
2627;2026-10-31 14:00:00;2026-10-31 Marseille-Toulouse;Marseille;Toulouse;;;;
2627;2026-10-31 14:00:00;2026-10-31 Nice-Rennes;Nice;Rennes;;;;
2627;2026-10-31 14:00:00;2026-10-31 Paris FC-Monaco;Paris FC;Monaco;;;;
2627;2026-10-31 14:00:00;2026-10-31 Strasbourg-Auxerre;Strasbourg;Auxerre;;;;
2627;2026-10-31 14:00:00;2026-10-31 Troyes-Le Mans;Troyes;Le Mans;;;;
2627;2026-11-07 14:00:00;2026-11-07 Angers-Nice;Angers;Nice;;;;
2627;2026-11-07 14:00:00;2026-11-07 Auxerre-Paris FC;Auxerre;Paris FC;;;;
2627;2026-11-07 14:00:00;2026-11-07 Brest-Lyon;Brest;Lyon;;;;
2627;2026-11-07 14:00:00;2026-11-07 Le Havre-Lorient;Le Havre;Lorient;;;;
2627;2026-11-07 14:00:00;2026-11-07 Le Mans-Monaco;Le Mans;Monaco;;;;
2627;2026-11-07 19:45:00;2026-11-07 Lens-Marseille;Lens;Marseille;;;;
2627;2026-11-07 14:00:00;2026-11-07 Paris Saint Germain-Troyes;Paris Saint Germain;Troyes;;;;
2627;2026-11-07 14:00:00;2026-11-07 Rennes-Lille;Rennes;Lille;;;;
2627;2026-11-07 14:00:00;2026-11-07 Toulouse-Strasbourg;Toulouse;Strasbourg;;;;
2627;2026-11-21 14:00:00;2026-11-21 Lens-Toulouse;Lens;Toulouse;;;;
2627;2026-11-21 14:00:00;2026-11-21 Lille-Lyon;Lille;Lyon;;;;
2627;2026-11-21 14:00:00;2026-11-21 Lorient-Rennes;Lorient;Rennes;;;;
2627;2026-11-21 14:00:00;2026-11-21 Marseille-Le Mans;Marseille;Le Mans;;;;
2627;2026-11-21 14:00:00;2026-11-21 Monaco-Auxerre;Monaco;Auxerre;;;;
2627;2026-11-21 14:00:00;2026-11-21 Nice-Paris Saint Germain;Nice;Paris Saint Germain;;;;
2627;2026-11-21 14:00:00;2026-11-21 Paris FC-Angers;Paris FC;Angers;;;;
2627;2026-11-21 14:00:00;2026-11-21 Strasbourg-Brest;Strasbourg;Brest;;;;
2627;2026-11-21 14:00:00;2026-11-21 Troyes-Le Havre;Troyes;Le Havre;;;;
2627;2026-11-28 14:00:00;2026-11-28 Angers-Lens;Angers;Lens;;;;
2627;2026-11-28 14:00:00;2026-11-28 Auxerre-Marseille;Auxerre;Marseille;;;;
2627;2026-11-28 14:00:00;2026-11-28 Brest-Paris FC;Brest;Paris FC;;;;
2627;2026-11-28 14:00:00;2026-11-28 Le Havre-Strasbourg;Le Havre;Strasbourg;;;;
2627;2026-11-28 14:00:00;2026-11-28 Le Mans-Lille;Le Mans;Lille;;;;
2627;2026-11-28 14:00:00;2026-11-28 Lyon-Monaco;Lyon;Monaco;;;;
2627;2026-11-28 14:00:00;2026-11-28 Nice-Troyes;Nice;Troyes;;;;
2627;2026-11-28 14:00:00;2026-11-28 Paris Saint Germain-Lorient;Paris Saint Germain;Lorient;;;;
2627;2026-11-28 14:00:00;2026-11-28 Toulouse-Rennes;Toulouse;Rennes;;;;
2627;2026-12-05 14:00:00;2026-12-05 Lens-Le Havre;Lens;Le Havre;;;;
2627;2026-12-05 14:00:00;2026-12-05 Lille-Auxerre;Lille;Auxerre;;;;
2627;2026-12-05 14:00:00;2026-12-05 Marseille-Nice;Marseille;Nice;;;;
2627;2026-12-05 14:00:00;2026-12-05 Monaco-Angers;Monaco;Angers;;;;
2627;2026-12-05 14:00:00;2026-12-05 Paris FC-Le Mans;Paris FC;Le Mans;;;;
2627;2026-12-05 14:00:00;2026-12-05 Rennes-Brest;Rennes;Brest;;;;
2627;2026-12-05 14:00:00;2026-12-05 Strasbourg-Lorient;Strasbourg;Lorient;;;;
2627;2026-12-05 14:00:00;2026-12-05 Toulouse-Paris Saint Germain;Toulouse;Paris Saint Germain;;;;
2627;2026-12-05 14:00:00;2026-12-05 Troyes-Lyon;Troyes;Lyon;;;;
2627;2026-12-12 14:00:00;2026-12-12 Angers-Strasbourg;Angers;Strasbourg;;;;
2627;2026-12-12 14:00:00;2026-12-12 Auxerre-Toulouse;Auxerre;Toulouse;;;;
2627;2026-12-12 14:00:00;2026-12-12 Brest-Troyes;Brest;Troyes;;;;
2627;2026-12-12 14:00:00;2026-12-12 Le Havre-Le Mans;Le Havre;Le Mans;;;;
2627;2026-12-12 14:00:00;2026-12-12 Lorient-Lille;Lorient;Lille;;;;
2627;2026-12-12 14:00:00;2026-12-12 Nice-Lens;Nice;Lens;;;;
2627;2026-12-12 14:00:00;2026-12-12 Paris Saint Germain-Paris FC;Paris Saint Germain;Paris FC;;;;
2627;2026-12-12 14:00:00;2026-12-12 Rennes-Monaco;Rennes;Monaco;;;;
2627;2026-12-13 19:45:00;2026-12-13 Lyon-Marseille;Lyon;Marseille;;;;
2627;2027-01-02 14:00:00;2027-01-02 Brest-Marseille;Brest;Marseille;;;;
2627;2027-01-02 14:00:00;2027-01-02 Le Mans-Lyon;Le Mans;Lyon;;;;
2627;2027-01-02 14:00:00;2027-01-02 Lille-Strasbourg;Lille;Strasbourg;;;;
2627;2027-01-02 14:00:00;2027-01-02 Lorient-Auxerre;Lorient;Auxerre;;;;
2627;2027-01-02 14:00:00;2027-01-02 Monaco-Nice;Monaco;Nice;;;;
2627;2027-01-02 14:00:00;2027-01-02 Paris FC-Le Havre;Paris FC;Le Havre;;;;
2627;2027-01-02 14:00:00;2027-01-02 Toulouse-Angers;Toulouse;Angers;;;;
2627;2027-01-02 14:00:00;2027-01-02 Troyes-Rennes;Troyes;Rennes;;;;
2627;2027-01-03 19:45:00;2027-01-03 Lens-Paris Saint Germain;Lens;Paris Saint Germain;;;;
2627;2027-01-16 14:00:00;2027-01-16 Angers-Paris Saint Germain;Angers;Paris Saint Germain;;;;
2627;2027-01-16 14:00:00;2027-01-16 Auxerre-Troyes;Auxerre;Troyes;;;;
2627;2027-01-16 14:00:00;2027-01-16 Lyon-Lorient;Lyon;Lorient;;;;
2627;2027-01-16 14:00:00;2027-01-16 Marseille-Lille;Marseille;Lille;;;;
2627;2027-01-16 14:00:00;2027-01-16 Monaco-Brest;Monaco;Brest;;;;
2627;2027-01-16 14:00:00;2027-01-16 Nice-Le Havre;Nice;Le Havre;;;;
2627;2027-01-16 14:00:00;2027-01-16 Paris FC-Toulouse;Paris FC;Toulouse;;;;
2627;2027-01-16 14:00:00;2027-01-16 Rennes-Lens;Rennes;Lens;;;;
2627;2027-01-16 14:00:00;2027-01-16 Strasbourg-Le Mans;Strasbourg;Le Mans;;;;
2627;2027-01-23 14:00:00;2027-01-23 Le Havre-Rennes;Le Havre;Rennes;;;;
2627;2027-01-23 14:00:00;2027-01-23 Le Mans-Angers;Le Mans;Angers;;;;
2627;2027-01-23 14:00:00;2027-01-23 Lens-Brest;Lens;Brest;;;;
2627;2027-01-23 14:00:00;2027-01-23 Lille-Paris FC;Lille;Paris FC;;;;
2627;2027-01-23 14:00:00;2027-01-23 Lorient-Marseille;Lorient;Marseille;;;;
2627;2027-01-23 14:00:00;2027-01-23 Paris Saint Germain-Auxerre;Paris Saint Germain;Auxerre;;;;
2627;2027-01-23 14:00:00;2027-01-23 Strasbourg-Lyon;Strasbourg;Lyon;;;;
2627;2027-01-23 14:00:00;2027-01-23 Toulouse-Nice;Toulouse;Nice;;;;
2627;2027-01-23 14:00:00;2027-01-23 Troyes-Monaco;Troyes;Monaco;;;;
2627;2027-01-30 14:00:00;2027-01-30 Angers-Le Havre;Angers;Le Havre;;;;
2627;2027-01-30 14:00:00;2027-01-30 Brest-Strasbourg;Brest;Strasbourg;;;;
2627;2027-01-30 14:00:00;2027-01-30 Le Mans-Nice;Le Mans;Nice;;;;
2627;2027-01-30 14:00:00;2027-01-30 Lyon-Lille;Lyon;Lille;;;;
2627;2027-01-30 14:00:00;2027-01-30 Marseille-Troyes;Marseille;Troyes;;;;
2627;2027-01-30 14:00:00;2027-01-30 Monaco-Paris Saint Germain;Monaco;Paris Saint Germain;;;;
2627;2027-01-30 14:00:00;2027-01-30 Paris FC-Auxerre;Paris FC;Auxerre;;;;
2627;2027-01-30 14:00:00;2027-01-30 Rennes-Lorient;Rennes;Lorient;;;;
2627;2027-01-30 14:00:00;2027-01-30 Toulouse-Lens;Toulouse;Lens;;;;
2627;2027-02-06 14:00:00;2027-02-06 Auxerre-Monaco;Auxerre;Monaco;;;;
2627;2027-02-06 14:00:00;2027-02-06 Le Havre-Toulouse;Le Havre;Toulouse;;;;
2627;2027-02-06 14:00:00;2027-02-06 Lens-Angers;Lens;Angers;;;;
2627;2027-02-06 14:00:00;2027-02-06 Lorient-Le Mans;Lorient;Le Mans;;;;
2627;2027-02-06 14:00:00;2027-02-06 Nice-Brest;Nice;Brest;;;;
2627;2027-02-06 14:00:00;2027-02-06 Rennes-Lyon;Rennes;Lyon;;;;
2627;2027-02-06 14:00:00;2027-02-06 Strasbourg-Paris FC;Strasbourg;Paris FC;;;;
2627;2027-02-06 14:00:00;2027-02-06 Troyes-Lille;Troyes;Lille;;;;
2627;2027-02-07 19:45:00;2027-02-07 Paris Saint Germain-Marseille;Paris Saint Germain;Marseille;;;;
2627;2027-02-13 14:00:00;2027-02-13 Auxerre-Strasbourg;Auxerre;Strasbourg;;;;
2627;2027-02-13 14:00:00;2027-02-13 Brest-Rennes;Brest;Rennes;;;;
2627;2027-02-13 14:00:00;2027-02-13 Le Mans-Paris Saint Germain;Le Mans;Paris Saint Germain;;;;
2627;2027-02-13 14:00:00;2027-02-13 Lille-Nice;Lille;Nice;;;;
2627;2027-02-13 14:00:00;2027-02-13 Lorient-Le Havre;Lorient;Le Havre;;;;
2627;2027-02-13 14:00:00;2027-02-13 Lyon-Lens;Lyon;Lens;;;;
2627;2027-02-13 14:00:00;2027-02-13 Marseille-Angers;Marseille;Angers;;;;
2627;2027-02-13 14:00:00;2027-02-13 Paris FC-Troyes;Paris FC;Troyes;;;;
2627;2027-02-13 14:00:00;2027-02-13 Toulouse-Monaco;Toulouse;Monaco;;;;
2627;2027-02-20 14:00:00;2027-02-20 Angers-Paris FC;Angers;Paris FC;;;;
2627;2027-02-20 14:00:00;2027-02-20 Le Havre-Lyon;Le Havre;Lyon;;;;
2627;2027-02-20 14:00:00;2027-02-20 Lens-Troyes;Lens;Troyes;;;;
2627;2027-02-20 14:00:00;2027-02-20 Lille-Lorient;Lille;Lorient;;;;
2627;2027-02-20 14:00:00;2027-02-20 Monaco-Le Mans;Monaco;Le Mans;;;;
2627;2027-02-20 14:00:00;2027-02-20 Nice-Auxerre;Nice;Auxerre;;;;
2627;2027-02-20 14:00:00;2027-02-20 Paris Saint Germain-Brest;Paris Saint Germain;Brest;;;;
2627;2027-02-20 14:00:00;2027-02-20 Rennes-Toulouse;Rennes;Toulouse;;;;
2627;2027-02-20 14:00:00;2027-02-20 Strasbourg-Marseille;Strasbourg;Marseille;;;;
2627;2027-02-27 14:00:00;2027-02-27 Auxerre-Lille;Auxerre;Lille;;;;
2627;2027-02-27 14:00:00;2027-02-27 Brest-Monaco;Brest;Monaco;;;;
2627;2027-02-27 14:00:00;2027-02-27 Le Mans-Paris FC;Le Mans;Paris FC;;;;
2627;2027-02-27 14:00:00;2027-02-27 Lorient-Angers;Lorient;Angers;;;;
2627;2027-02-27 14:00:00;2027-02-27 Lyon-Toulouse;Lyon;Toulouse;;;;
2627;2027-02-27 14:00:00;2027-02-27 Marseille-Rennes;Marseille;Rennes;;;;
2627;2027-02-27 14:00:00;2027-02-27 Strasbourg-Le Havre;Strasbourg;Le Havre;;;;
2627;2027-02-27 14:00:00;2027-02-27 Troyes-Nice;Troyes;Nice;;;;
2627;2027-02-28 19:45:00;2027-02-28 Paris Saint Germain-Lens;Paris Saint Germain;Lens;;;;
2627;2027-03-06 14:00:00;2027-03-06 Angers-Auxerre;Angers;Auxerre;;;;
2627;2027-03-06 14:00:00;2027-03-06 Le Havre-Nice;Le Havre;Nice;;;;
2627;2027-03-06 14:00:00;2027-03-06 Lens-Strasbourg;Lens;Strasbourg;;;;
2627;2027-03-06 14:00:00;2027-03-06 Lille-Marseille;Lille;Marseille;;;;
2627;2027-03-06 14:00:00;2027-03-06 Monaco-Lyon;Monaco;Lyon;;;;
2627;2027-03-06 14:00:00;2027-03-06 Paris FC-Brest;Paris FC;Brest;;;;
2627;2027-03-06 14:00:00;2027-03-06 Rennes-Paris Saint Germain;Rennes;Paris Saint Germain;;;;
2627;2027-03-06 14:00:00;2027-03-06 Toulouse-Le Mans;Toulouse;Le Mans;;;;
2627;2027-03-06 14:00:00;2027-03-06 Troyes-Lorient;Troyes;Lorient;;;;
2627;2027-03-13 14:00:00;2027-03-13 Auxerre-Paris Saint Germain;Auxerre;Paris Saint Germain;;;;
2627;2027-03-13 14:00:00;2027-03-13 Brest-Lille;Brest;Lille;;;;
2627;2027-03-13 14:00:00;2027-03-13 Le Havre-Lens;Le Havre;Lens;;;;
2627;2027-03-13 14:00:00;2027-03-13 Le Mans-Rennes;Le Mans;Rennes;;;;
2627;2027-03-13 14:00:00;2027-03-13 Lyon-Troyes;Lyon;Troyes;;;;
2627;2027-03-13 14:00:00;2027-03-13 Marseille-Monaco;Marseille;Monaco;;;;
2627;2027-03-13 14:00:00;2027-03-13 Nice-Toulouse;Nice;Toulouse;;;;
2627;2027-03-13 14:00:00;2027-03-13 Paris FC-Lorient;Paris FC;Lorient;;;;
2627;2027-03-13 14:00:00;2027-03-13 Strasbourg-Angers;Strasbourg;Angers;;;;
2627;2027-03-20 14:00:00;2027-03-20 Angers-Le Mans;Angers;Le Mans;;;;
2627;2027-03-20 14:00:00;2027-03-20 Lens-Lille;Lens;Lille;;;;
2627;2027-03-20 14:00:00;2027-03-20 Lorient-Nice;Lorient;Nice;;;;
2627;2027-03-20 14:00:00;2027-03-20 Monaco-Le Havre;Monaco;Le Havre;;;;
2627;2027-03-20 14:00:00;2027-03-20 Paris Saint Germain-Strasbourg;Paris Saint Germain;Strasbourg;;;;
2627;2027-03-20 14:00:00;2027-03-20 Rennes-Paris FC;Rennes;Paris FC;;;;
2627;2027-03-20 14:00:00;2027-03-20 Toulouse-Brest;Toulouse;Brest;;;;
2627;2027-03-20 14:00:00;2027-03-20 Troyes-Auxerre;Troyes;Auxerre;;;;
2627;2027-03-21 19:45:00;2027-03-21 Marseille-Lyon;Marseille;Lyon;;;;
2627;2027-04-03 13:00:00;2027-04-03 Angers-Monaco;Angers;Monaco;;;;
2627;2027-04-03 13:00:00;2027-04-03 Auxerre-Lens;Auxerre;Lens;;;;
2627;2027-04-03 13:00:00;2027-04-03 Brest-Lorient;Brest;Lorient;;;;
2627;2027-04-03 13:00:00;2027-04-03 Le Havre-Troyes;Le Havre;Troyes;;;;
2627;2027-04-03 13:00:00;2027-04-03 Le Mans-Marseille;Le Mans;Marseille;;;;
2627;2027-04-03 13:00:00;2027-04-03 Lille-Rennes;Lille;Rennes;;;;
2627;2027-04-03 13:00:00;2027-04-03 Nice-Lyon;Nice;Lyon;;;;
2627;2027-04-03 13:00:00;2027-04-03 Paris FC-Paris Saint Germain;Paris FC;Paris Saint Germain;;;;
2627;2027-04-03 13:00:00;2027-04-03 Strasbourg-Toulouse;Strasbourg;Toulouse;;;;
2627;2027-04-10 13:00:00;2027-04-10 Le Mans-Auxerre;Le Mans;Auxerre;;;;
2627;2027-04-10 13:00:00;2027-04-10 Lille-Toulouse;Lille;Toulouse;;;;
2627;2027-04-10 13:00:00;2027-04-10 Lorient-Lens;Lorient;Lens;;;;
2627;2027-04-10 13:00:00;2027-04-10 Lyon-Strasbourg;Lyon;Strasbourg;;;;
2627;2027-04-10 13:00:00;2027-04-10 Marseille-Brest;Marseille;Brest;;;;
2627;2027-04-10 13:00:00;2027-04-10 Monaco-Rennes;Monaco;Rennes;;;;
2627;2027-04-10 13:00:00;2027-04-10 Nice-Paris FC;Nice;Paris FC;;;;
2627;2027-04-10 13:00:00;2027-04-10 Paris Saint Germain-Le Havre;Paris Saint Germain;Le Havre;;;;
2627;2027-04-10 13:00:00;2027-04-10 Troyes-Angers;Troyes;Angers;;;;
2627;2027-04-17 13:00:00;2027-04-17 Angers-Lyon;Angers;Lyon;;;;
2627;2027-04-17 13:00:00;2027-04-17 Auxerre-Lorient;Auxerre;Lorient;;;;
2627;2027-04-17 13:00:00;2027-04-17 Brest-Le Mans;Brest;Le Mans;;;;
2627;2027-04-17 13:00:00;2027-04-17 Le Havre-Marseille;Le Havre;Marseille;;;;
2627;2027-04-17 13:00:00;2027-04-17 Lens-Nice;Lens;Nice;;;;
2627;2027-04-17 13:00:00;2027-04-17 Monaco-Strasbourg;Monaco;Strasbourg;;;;
2627;2027-04-17 13:00:00;2027-04-17 Paris Saint Germain-Lille;Paris Saint Germain;Lille;;;;
2627;2027-04-17 13:00:00;2027-04-17 Rennes-Troyes;Rennes;Troyes;;;;
2627;2027-04-17 13:00:00;2027-04-17 Toulouse-Paris FC;Toulouse;Paris FC;;;;
2627;2027-04-24 13:00:00;2027-04-24 Le Mans-Le Havre;Le Mans;Le Havre;;;;
2627;2027-04-24 13:00:00;2027-04-24 Lille-Monaco;Lille;Monaco;;;;
2627;2027-04-24 13:00:00;2027-04-24 Lorient-Paris Saint Germain;Lorient;Paris Saint Germain;;;;
2627;2027-04-24 13:00:00;2027-04-24 Lyon-Brest;Lyon;Brest;;;;
2627;2027-04-24 13:00:00;2027-04-24 Marseille-Auxerre;Marseille;Auxerre;;;;
2627;2027-04-24 13:00:00;2027-04-24 Nice-Angers;Nice;Angers;;;;
2627;2027-04-24 13:00:00;2027-04-24 Paris FC-Lens;Paris FC;Lens;;;;
2627;2027-04-24 13:00:00;2027-04-24 Strasbourg-Rennes;Strasbourg;Rennes;;;;
2627;2027-04-24 13:00:00;2027-04-24 Troyes-Toulouse;Troyes;Toulouse;;;;
2627;2027-05-01 13:00:00;2027-05-01 Auxerre-Lyon;Auxerre;Lyon;;;;
2627;2027-05-01 13:00:00;2027-05-01 Le Havre-Paris FC;Le Havre;Paris FC;;;;
2627;2027-05-01 13:00:00;2027-05-01 Lens-Le Mans;Lens;Le Mans;;;;
2627;2027-05-01 13:00:00;2027-05-01 Monaco-Lorient;Monaco;Lorient;;;;
2627;2027-05-01 13:00:00;2027-05-01 Paris Saint Germain-Angers;Paris Saint Germain;Angers;;;;
2627;2027-05-01 13:00:00;2027-05-01 Rennes-Nice;Rennes;Nice;;;;
2627;2027-05-01 13:00:00;2027-05-01 Strasbourg-Lille;Strasbourg;Lille;;;;
2627;2027-05-01 13:00:00;2027-05-01 Toulouse-Marseille;Toulouse;Marseille;;;;
2627;2027-05-01 13:00:00;2027-05-01 Troyes-Brest;Troyes;Brest;;;;
2627;2027-05-08 13:00:00;2027-05-08 Angers-Toulouse;Angers;Toulouse;;;;
2627;2027-05-08 13:00:00;2027-05-08 Brest-Auxerre;Brest;Auxerre;;;;
2627;2027-05-08 13:00:00;2027-05-08 Le Mans-Troyes;Le Mans;Troyes;;;;
2627;2027-05-08 13:00:00;2027-05-08 Lens-Monaco;Lens;Monaco;;;;
2627;2027-05-08 13:00:00;2027-05-08 Lorient-Strasbourg;Lorient;Strasbourg;;;;
2627;2027-05-08 13:00:00;2027-05-08 Nice-Marseille;Nice;Marseille;;;;
2627;2027-05-08 13:00:00;2027-05-08 Paris FC-Lille;Paris FC;Lille;;;;
2627;2027-05-08 13:00:00;2027-05-08 Rennes-Le Havre;Rennes;Le Havre;;;;
2627;2027-05-09 18:45:00;2027-05-09 Lyon-Paris Saint Germain;Lyon;Paris Saint Germain;;;;
2627;2027-05-16 13:00:00;2027-05-16 Auxerre-Rennes;Auxerre;Rennes;;;;
2627;2027-05-16 13:00:00;2027-05-16 Brest-Le Havre;Brest;Le Havre;;;;
2627;2027-05-16 13:00:00;2027-05-16 Lille-Angers;Lille;Angers;;;;
2627;2027-05-16 13:00:00;2027-05-16 Lyon-Le Mans;Lyon;Le Mans;;;;
2627;2027-05-16 13:00:00;2027-05-16 Marseille-Lens;Marseille;Lens;;;;
2627;2027-05-16 13:00:00;2027-05-16 Monaco-Paris FC;Monaco;Paris FC;;;;
2627;2027-05-16 13:00:00;2027-05-16 Paris Saint Germain-Nice;Paris Saint Germain;Nice;;;;
2627;2027-05-16 13:00:00;2027-05-16 Strasbourg-Troyes;Strasbourg;Troyes;;;;
2627;2027-05-16 13:00:00;2027-05-16 Toulouse-Lorient;Toulouse;Lorient;;;;
2627;2027-05-22 13:00:00;2027-05-22 Angers-Brest;Angers;Brest;;;;
2627;2027-05-22 13:00:00;2027-05-22 Le Havre-Lille;Le Havre;Lille;;;;
2627;2027-05-22 13:00:00;2027-05-22 Le Mans-Strasbourg;Le Mans;Strasbourg;;;;
2627;2027-05-22 13:00:00;2027-05-22 Lens-Rennes;Lens;Rennes;;;;
2627;2027-05-22 13:00:00;2027-05-22 Lorient-Lyon;Lorient;Lyon;;;;
2627;2027-05-22 13:00:00;2027-05-22 Nice-Monaco;Nice;Monaco;;;;
2627;2027-05-22 13:00:00;2027-05-22 Paris FC-Marseille;Paris FC;Marseille;;;;
2627;2027-05-22 13:00:00;2027-05-22 Toulouse-Auxerre;Toulouse;Auxerre;;;;
2627;2027-05-22 13:00:00;2027-05-22 Troyes-Paris Saint Germain;Troyes;Paris Saint Germain;;;;
2627;2027-05-29 13:00:00;2027-05-29 Auxerre-Le Havre;Auxerre;Le Havre;;;;
2627;2027-05-29 13:00:00;2027-05-29 Brest-Lens;Brest;Lens;;;;
2627;2027-05-29 13:00:00;2027-05-29 Lille-Le Mans;Lille;Le Mans;;;;
2627;2027-05-29 13:00:00;2027-05-29 Lyon-Paris FC;Lyon;Paris FC;;;;
2627;2027-05-29 13:00:00;2027-05-29 Marseille-Lorient;Marseille;Lorient;;;;
2627;2027-05-29 13:00:00;2027-05-29 Monaco-Troyes;Monaco;Troyes;;;;
2627;2027-05-29 13:00:00;2027-05-29 Paris Saint Germain-Toulouse;Paris Saint Germain;Toulouse;;;;
2627;2027-05-29 13:00:00;2027-05-29 Rennes-Angers;Rennes;Angers;;;;
2627;2027-05-29 13:00:00;2027-05-29 Strasbourg-Nice;Strasbourg;Nice;;;;
